SpeciesLatinName,SpeciesCommonName,Tissue,MammalNumberHorvath,Order,adult_mass_g,gestation_y,maturity_y,max_lifespan_y,age_range_lo,age_range_hi,n_samples,young_0.1,young_0.2,young_0.3,young_0.4,young_0.5,young_0.6,young_0.7,young_0.8,young_0.9,young_1.0,old_1.0,old_1.5,old_2.0
Acinonyx jubatus,Cheetah,Blood,5.2.1,Carnivora,53500.0,0.24109589,1.249315068,20.5,0.05021619,0.606333784,14,21.82944973,21.82944973,0.438895877,0.274735552,0.259553302,0.259553302,0.221575606,0.221575606,0.221575606,0.221575606,0.037175799,0.037175799,0.037175799
Acomys cahirinus,Spiny mouse,Fibroblast,9.9.5,Rodentia,45.2,0.104109589,0.160273973,5.9,-0.008822847,0.677501741,46,2.25577271,1.876600389,1.260544289,1.260544289,0.731707332,0.693801441,0.604077231,0.604077231,0.604077231,0.604077231,0.736270321,0.813772923,0.813772923
Acomys cahirinus,Spiny mouse,Skin,9.9.5,Rodentia,45.2,0.104109589,0.160273973,5.9,0.01346645,0.465753425,61,2.316649951,1.70412755,1.410209105,0.911640365,0.786703275,0.786703275,0.786703275,0.786703275,0.786703275,0.786703275,0.580093206,0.739758295,0.599235131
Antrozous pallidus,Pallid bat,Skin,8.7.1,Chiroptera,20.8,0.169863014,1.0,14.8,0.013513514,0.472972973,23,2.000545959,1.201219415,0.613058736,0.579249449,0.488544112,0.488544112,0.488544112,0.488544112,0.488544112,0.488544112,0.571246421,0.612108042,0.612108042
Aonyx cinereus,Asian small-clawed otter,Blood,5.6.1,Carnivora,3000.0,0.17260274,2.0,23.0,0.330077427,0.790434783,12,,,,1.829104728,0.118890289,0.138151418,0.138151418,0.213143219,0.213143219,0.213143219,0.213143219,0.213143219,0.213143219
Apodemus sylvaticus,Long-tailed field mouse,Blood,9.9.15,Rodentia,23.4,0.063013699,0.18630137,6.3,0.025657752,0.16612307,36,5.094306691,3.360816167,3.360816167,3.360816167,3.360816167,3.360816167,3.360816167,3.360816167,3.360816167,3.360816167,2.130673892,,
Apodemus sylvaticus,Long-tailed field mouse,Liver,9.9.15,Rodentia,23.4,0.063013699,0.18630137,6.3,0.025657752,0.112198304,23,1.903566118,1.588135867,1.588135867,1.588135867,1.588135867,1.588135867,1.588135867,1.588135867,1.588135867,1.588135867,-23.96770683,,
Apodemus sylvaticus,Long-tailed field mouse,Skin,9.9.15,Rodentia,23.4,0.063013699,0.18630137,6.3,0.025657752,0.16612307,31,3.379399454,2.348836658,2.348836658,2.348836658,2.348836658,2.348836658,2.348836658,2.348836658,2.348836658,2.348836658,-0.184177504,,
Balaena mysticetus,Bowhead whale,Skin,4.11.1,Artiodactyla,100000000.0,1.164383562,22.49863014,211.0,0.004739336,0.658767773,79,0.015622478,-0.020633796,-0.009019349,0.006085663,0.007187798,0.006175238,0.00745405,0.00745405,0.00745405,0.00745405,0.017623365,0.011850373,-0.00239387
Bos taurus,Cattle,Blood,4.1.4,Artiodactyla,750000.0,0.75890411,1.501369863,38.0,0.013410238,0.379596251,277,0.490876034,0.184698897,0.124537656,0.082355697,0.082355697,0.082355697,0.082355697,0.082355697,0.082355697,0.082355697,-0.025374145,-0.055289671,-0.202478044
Bos taurus,Cattle,Oocyte,4.1.4,Artiodactyla,750000.0,0.75890411,1.501369863,38.0,0.042682048,0.289185292,80,0.209424196,0.034915619,0.084112617,0.084112617,0.084112617,0.084112617,0.084112617,0.084112617,0.084112617,0.084112617,0.034936992,0.129282149,0.132222736
Bos taurus,Cattle,Skin,4.1.4,Artiodactyla,750000.0,0.75890411,1.501369863,38.0,0.045710166,0.207858688,95,0.055045616,0.272302281,0.28325522,0.28325522,0.28325522,0.28325522,0.28325522,0.28325522,0.28325522,0.28325522,0.397689936,0.469406961,
Callithrix jacchus,Common marmoset,Blood,1.8.2,Primates,255.2,0.394520548,1.176712329,22.8,0.021929825,0.683333333,95,0.827485999,0.515005471,0.280067998,0.238269981,0.224224336,0.200637235,0.197598886,0.197598886,0.197598886,0.197598886,0.199940308,0.206871902,0.266796089
Canis lupus familiaris,Dog,Blood,5.1.1,Carnivora,26625.0,0.169863014,1.832876712,24.0,0.004166667,0.729166667,742,0.761410544,0.465431146,0.33536017,0.281248221,0.235007631,0.205999624,0.190888299,0.189961192,0.189961192,0.189961192,0.193085779,0.191734778,0.186688931
Capra hircus,Domestic goat,Skin,4.1.5,Artiodactyla,61000.0,0.424657534,1.494520548,20.8,0.043993678,0.410958904,78,1.219825086,0.574483158,0.396075829,0.29510407,0.290502545,0.290502545,0.290502545,0.290502545,0.290502545,0.290502545,0.243501633,0.158689448,0.185827555
Capreolus capreolus,Roe deer,Blood,4.3.1,Artiodactyla,21666.7,0.419178082,1.463013699,17.5,0.038095238,0.780952381,188,2.098036928,1.006602259,0.566008073,0.394940755,0.294208188,0.257105113,0.23732178,0.225879174,0.225879174,0.225879174,0.178857307,0.164152143,0.167474087
Carollia perspicillata,Seba's short-tailed bat,Skin,8.4.2,Chiroptera,15.0,0.260273973,0.74,17.0,0.011764706,0.617647059,32,1.220226596,0.772118124,0.456915586,0.38017939,0.295908751,0.244383845,0.231309955,0.231309955,0.231309955,0.231309955,0.241601664,0.220553785,0.220553785
Ceratotherium simum simum,White rhino,Blood,6.2.1,Perissodactyla,2175000.0,1.410958904,4.501369863,45.0,0.00699673,0.659213628,23,0.807417824,0.21218131,0.148867964,0.142719656,0.140253352,0.091891556,0.082759187,0.082759187,0.082759187,0.082759187,0.068792726,0.068792726,0.053546089
Cervus canadensis,Wapity elk,Blood,4.3.5,Artiodactyla,280093.29,0.687671233,2.0,25.0,0.003835616,0.547068493,42,0.687155797,0.258467608,0.224970808,0.202346693,0.163890332,0.154880481,0.154880481,0.154880481,0.154880481,0.154880481,0.121956689,0.115087981,0.068969676
Cervus elaphus,Red deer,Blood,4.3.2,Artiodactyla,200000.0,0.671232877,2.167123288,31.5,0.002696238,0.344161774,53,0.437176017,0.265496834,0.212850995,0.173553717,0.173553717,0.173553717,0.173553717,0.173553717,0.173553717,0.173553717,0.12375159,0.149653741,-0.025880646
Cheirogaleidae,Cheirogaleidae,Blood,1.6,Primates,248.9333333,0.193150685,0.921917808,22.73333333,0.020674487,1.302932551,6,,0.375400917,0.375400917,0.375400917,0.130049663,0.130049663,0.062485726,0.062485726,0.062485726,0.074499017,0.073198262,0.073198262,0.10541716
Cheirogaleus medius,Fat-tailed dwarf lemur,Blood&Skin,1.6.1,Primates,380.0,0.167123288,1.0,30.0,0.033,0.987333333,3,,,,,,,,,,0.052247283,,,
Chlorocebus aethiops sabaeus,Vervet,Blood,1.4.1,Primates,5620.0,0.443835616,3.916438356,30.8,8.9e-05,0.812399929,144,0.804481233,0.43937302,0.263004821,0.176801181,0.148983658,0.118270793,0.106028412,0.102423925,0.100360347,0.100360347,0.090070398,0.079467709,0.084172789
Chlorocebus aethiops sabaeus,Vervet,Cortex,1.4.1,Primates,5620.0,0.443835616,3.916438356,30.8,0.0,0.743728874,48,0.926960214,0.701870374,0.311157006,0.311157006,0.311157006,0.217569837,0.171536294,0.14370317,0.14370317,0.14370317,0.111992878,0.10953413,0.114220112
Chlorocebus aethiops sabaeus,Vervet,Liver,1.4.1,Primates,5620.0,0.443835616,3.916438356,30.8,0.0,0.708503825,48,1.554330485,0.752676401,0.362130919,0.362130919,0.362130919,0.27226968,0.182989627,0.161830336,0.161830336,0.161830336,0.134139774,0.134139774,0.137089102
Chrysocyon brachyurus,Maned wolf,Blood,5.1.3,Carnivora,21500.0,0.175342466,2.0,16.8,0.282585313,0.810925329,5,,,,,0.503619014,0.503619014,0.503619014,0.503619014,0.243295304,0.243295304,0.243295304,0.243295304,0.243295304
Connochaetes taurinus albojubatus,White-bearded gnu,Blood,4.1.6,Artiodactyla,164500.0,0.693150685,1.812328767,24.3,0.288065844,0.780658436,10,,,,1.381106161,0.489100625,0.341436404,0.23228672,0.183448508,0.183448508,0.183448508,0.183448508,0.183448508,0.183448508
Crocuta crocuta,Spotted hyena,Blood,5.5.1,Carnivora,63000.0,0.301369863,2.375342466,41.1,0.032116788,0.426034063,6,0.536894102,0.536894102,0.536894102,0.536894102,0.130703586,0.130703586,0.130703586,0.130703586,0.130703586,0.130703586,,,
Cynopterus brachyotis,Lesser short-nosed fruit bat,Skin,8.5.1,Chiroptera,45.0,0.306849315,0.69,13.0,0.515384615,0.992307692,10,,,,,,,,-0.229690665,0.264674909,0.272845494,0.272845494,0.272845494,0.272845494
Daubentonia madagascariensis,Aye-aye,Blood,1.9.1,Primates,2277.5,0.452054795,4.25,37.0,0.018918919,0.991081081,3,,,,,,,,,,0.052410609,,,
Daubentonia madagascariensis,Aye-aye,Blood&Skin,1.9.1,Primates,2277.5,0.452054795,4.25,37.0,0.018918919,0.991081081,4,,,,,,,,,0.058873516,0.057169887,0.082596963,0.082596963,0.082596963
Daubentoniidae,Daubentoniidae,Blood,1.9,Primates,2277.5,0.452054795,4.25,37.0,0.018918919,0.991081081,3,,,,,,,,,,0.052410609,,,
Delphinapterus leucas,Beluga whale,Blood,4.19.1,Artiodactyla,1430000.0,1.279452055,11.00753425,50.0,0.001,0.9788,67,0.517535528,0.247197674,0.178543999,0.131500781,0.1215085,0.103597659,0.07496221,0.069721961,0.064412869,0.061640512,0.060962949,0.059586179,0.061762089
Delphinapterus leucas,Beluga whale,Skin,4.19.1,Artiodactyla,1430000.0,1.279452055,11.00753425,50.0,-0.02,0.984164384,118,-0.228218282,-0.101079755,-0.035602271,-0.012140325,0.006482704,0.017115545,0.020187993,0.017866892,0.034226709,0.032387256,0.044008408,0.045793419,0.045489115
Desmodus rotundus,Common vampire bat,Skin,8.4.3,Chiroptera,33.2,0.517808219,0.780821918,29.9,0.010033445,0.578595318,44,0.643204168,0.280860302,0.236637588,0.171064412,0.146437092,0.141741604,0.141741604,0.141741604,0.141741604,0.141741604,0.141925364,0.144575228,0.142123744
Diceros bicornis,Eastern black rhinoceros,Blood,6.2.2,Perissodactyla,1100000.0,1.298630137,5.589041096,49.0,0.196119516,0.632040816,5,,,,,,,0.032391816,0.032391816,0.032391816,0.032391816,0.032391816,0.032391816,0.125766828
Eidolon helvum,Straw-colored fruit bat,Skin,8.5.2,Chiroptera,306.25,0.753424658,1.75000274,21.8,0.155963303,0.756880734,24,,1.489317524,0.003583007,0.471524144,0.304726389,0.255345985,0.240799081,0.197940974,0.197940974,0.197940974,0.197940974,0.197940974,0.214254901
Elephas maximus,Asian elephant,Blood,2.1.1,Proboscidea,3178000.0,1.764383562,9.005479452,88.0,0.026805729,0.83620797,83,0.184228943,0.1621941,0.081185272,0.075643582,0.050680111,0.040564971,0.039201691,0.037211706,0.035907441,0.035907441,0.035350676,0.031454865,0.029674536
Eptesicus fuscus,Big brown bat,Muscle,8.7.2,Chiroptera,23.0,0.164383562,1.749315068,23.0,0.013043478,0.147826087,6,0.201761181,-0.025893646,-0.025893646,-0.025893646,-0.025893646,-0.025893646,-0.025893646,-0.025893646,-0.025893646,-0.025893646,,,
Eptesicus fuscus,Big brown bat,Skin,8.7.2,Chiroptera,23.0,0.164383562,1.749315068,23.0,0.013043478,0.795652174,70,0.510814783,0.294244841,0.244823857,0.224665234,0.186982715,0.186982715,0.180111954,0.170931712,0.170931712,0.170931712,0.157082683,0.151576276,0.148245848
Equus africanus somaliensis,Somali wild ass,Blood,6.1.4,Perissodactyla,250000.0,1.006849315,1.75,47.0,0.050562861,0.213435857,7,,0.292747713,0.287125141,0.287125141,0.287125141,0.287125141,0.287125141,0.287125141,0.287125141,0.287125141,0.474577787,0.404585516,
Equus caballus,Horse,Blood,6.1.1,Perissodactyla,300000.0,0.923287671,2.584931507,57.0,8.77e-05,0.49122807,210,0.4159751,0.214556723,0.144365352,0.121314331,0.103974226,0.103974226,0.103974226,0.103974226,0.103974226,0.103974226,0.085528992,0.078584912,0.070376589
Equus caballus,Horse,Liver,6.1.1,Perissodactyla,300000.0,0.923287671,2.584931507,57.0,0.000730994,0.50877193,48,0.41126962,0.248796701,0.189822416,0.189822416,0.127863218,0.104005292,0.104005292,0.104005292,0.104005292,0.104005292,0.049154434,-0.000865409,-0.041552215
Equus quagga,Zebra,Blood,6.1.3,Perissodactyla,280000.0,1.0,2.465753425,38.0,0.004109589,0.531795242,76,0.567828997,0.282870516,0.235050874,0.201367007,0.149384476,0.144136814,0.144136814,0.144136814,0.144136814,0.144136814,0.105214341,0.063204865,0.033898472
Equus quagga,Zebra,Skin,6.1.3,Perissodactyla,280000.0,1.0,2.465753425,38.0,0.004253684,0.651838421,20,0.599529128,0.165001702,0.251827964,0.182338348,0.182338348,0.182338348,0.138370488,0.138370488,0.138370488,0.138370488,0.128607099,0.118959084,0.059484895
Eulemur albifrons,White-headed lemur,Blood&Skin,1.3.1,Primates,2231.59,0.328767123,2.657534247,34.59,0.568083261,1.0,3,,,,,,,,,,0.086405042,0.086405042,0.086405042,0.086405042
Eulemur collaris,Collared brown lemur,Blood,1.3.7,Primates,2333.61,0.336986301,2.073972599,37.0,0.022702703,0.914324324,3,,,,,,,,,,0.059536952,,,
Eulemur collaris,Collared brown lemur,Blood&Skin,1.3.7,Primates,2333.61,0.336986301,2.073972599,37.0,0.022702703,0.914324324,4,,,,,,,,,,0.060825042,0.082331823,0.082331823,0.082331823
Eulemur coronatus,Crowned lemur,Blood&Skin,1.3.2,Primates,1645.0,0.345205479,1.665753425,30.0,0.032666667,0.636666667,3,,,,,,,0.087036205,0.087036205,0.087036205,0.087036205,,,
Eulemur flavifrons,Blue-eyed black lemur,Blood,1.3.8,Primates,2433.0,0.347945205,2.1,32.0,0.01,0.85625,3,,,,,,,,,0.073549648,0.073549648,,,
Eulemur flavifrons,Blue-eyed black lemur,Blood&Skin,1.3.8,Primates,2433.0,0.347945205,2.1,32.0,0.01,0.85625,4,,,,,,,0.095586847,0.095586847,0.085024218,0.085024218,0.136018213,0.136018213,0.136018213
Eulemur macaco,Black lemur,Blood,1.3.4,Primates,2467.0,0.328767123,1.104109589,37.5,0.253866667,0.919466667,3,,,,,,,,,,0.071577397,0.071577397,0.071577397,0.071577397
Eulemur macaco,Black lemur,Blood&Skin,1.3.4,Primates,2467.0,0.328767123,1.104109589,37.5,0.253866667,0.919466667,4,,,,,,,,,,0.064793235,0.064793235,0.064793235,0.064793235
Eulemur mongoz,Mongoose lemur,Blood,1.3.5,Primates,1555.0,0.328767123,2.349315068,36.2,0.022651934,0.85,3,,,,,,,,,0.053392446,0.053392446,,,
Eulemur mongoz,Mongoose lemur,Blood&Skin,1.3.5,Primates,1555.0,0.328767123,2.349315068,36.2,0.022651934,0.85,4,,,,,,,,,0.057632197,0.057632197,0.049255445,0.049255445,0.049255445
Eulemur rubriventer,Red-bellied lemur,Blood,1.3.6,Primates,2191.5,0.328767123,2.734246575,34.0,0.231470588,0.995294118,3,,,,,,,,,,0.06863377,0.06863377,0.06863377,0.06863377
Eulemur rubriventer,Red-bellied lemur,Blood&Skin,1.3.6,Primates,2191.5,0.328767123,2.734246575,34.0,0.231470588,0.995294118,4,,,,,,,,,,0.05778036,0.05778036,0.05778036,0.05778036
Eulemur sanfordi,Sanford's brown lemur,Blood,1.3.10,Primates,2111.34,0.328767123,1.819178082,32.94,0.286581664,1.0,3,,,,,,,,,,0.080165374,0.080165374,0.080165374,0.080165374
Eulemur sanfordi,Sanford's brown lemur,Blood&Skin,1.3.10,Primates,2111.34,0.328767123,1.819178082,32.94,0.286581664,1.0,4,,,,,,,,,,0.079938133,0.079938133,0.079938133,0.079938133
Felis catus,Domestic cat,Blood,5.2.2,Carnivora,3900.0,0.178082192,0.791780822,30.0,0.007032349,0.697222333,128,0.809139187,0.349813991,0.232287595,0.193316068,0.156033684,0.130946341,0.123134672,0.123134672,0.123134672,0.123134672,0.102848434,0.100722911,0.092488703
Globicephala macrorhynchus,Short-finned pilot whale,Blood,4.13.3,Artiodactyla,2200000.0,1.238356164,12.05753425,63.0,0.11968254,0.30031746,9,,0.219468985,0.219468985,0.05378267,0.05378267,0.05378267,0.05378267,0.05378267,0.05378267,0.05378267,0.05378267,-0.260695453,
Gorilla gorilla,Western lowland gorilla,Blood,1.1.2,Primates,139842.0,0.701369863,9.375342466,60.1,0.078855569,0.78985025,6,,,0.123844881,0.123844881,0.123844881,0.05228192,0.05228192,0.05384439,0.05384439,0.05384439,0.055073707,0.055073707,0.055073707
Hapalemur griseus,Bamboo lemur,Blood,1.3.11,Primates,1012.5,0.397260274,3.049315068,27.0,0.273333333,0.967407407,3,,,,,,,,,,0.080780348,0.080780348,0.080780348,0.080780348
Hapalemur griseus,Bamboo lemur,Blood&Skin,1.3.11,Primates,1012.5,0.397260274,3.049315068,27.0,0.273333333,0.967407407,4,,,,,,,,,,0.086978704,0.086978704,0.086978704,0.086978704
Heterocephalus glaber,Naked mole rat,Blood,9.1.3,Rodentia,35.0,0.191780822,5.0,37.0,0.00311013,0.702702703,94,0.419153851,0.433895525,0.247582403,0.232753611,0.232753611,0.211223989,0.189119262,0.152816943,0.152816943,0.152816943,0.139674488,0.135864578,0.13822632
Heterocephalus glaber,Naked mole rat,Cortex,9.1.3,Rodentia,35.0,0.191780822,5.0,37.0,0.00311013,0.287449093,15,0.33439086,0.015984774,-0.038965969,-0.038965969,-0.038965969,-0.038965969,-0.038965969,-0.038965969,-0.038965969,-0.038965969,0.060049208,,
Heterocephalus glaber,Naked mole rat,Heart,9.1.3,Rodentia,35.0,0.191780822,5.0,37.0,0.000148093,0.287449093,21,0.347426774,0.267677281,0.166005187,0.166005187,0.166005187,0.166005187,0.166005187,0.166005187,0.166005187,0.166005187,0.144977702,,
Heterocephalus glaber,Naked mole rat,Kidney,9.1.3,Rodentia,35.0,0.191780822,5.0,37.0,0.000148093,0.621621622,33,0.5691597,0.353175404,0.165743714,0.165743714,0.074358672,0.051557354,0.043600403,0.043600403,0.043600403,0.043600403,0.045488892,0.040069773,0.040069773
Heterocephalus glaber,Naked mole rat,Liver,9.1.3,Rodentia,35.0,0.191780822,5.0,37.0,0.00311013,0.702702703,70,0.348215809,0.330434875,0.177443417,0.177443417,0.149087562,0.134257544,0.126080132,0.121282082,0.121282082,0.121282082,0.112595015,0.125379688,0.135435408
Heterocephalus glaber,Naked mole rat,Lung,9.1.3,Rodentia,35.0,0.191780822,5.0,37.0,0.00311013,0.287449093,19,0.365765436,0.421568683,0.25251729,0.25251729,0.25251729,0.25251729,0.25251729,0.25251729,0.25251729,0.25251729,0.124570336,,
Heterocephalus glaber,Naked mole rat,Muscle,9.1.3,Rodentia,35.0,0.191780822,5.0,37.0,0.00311013,0.287449093,21,0.370920706,0.271736389,0.164690117,0.164690117,0.164690117,0.164690117,0.164690117,0.164690117,0.164690117,0.164690117,0.134955102,0.320398528,0.320398528
Heterocephalus glaber,Naked mole rat,Skin,9.1.3,Rodentia,35.0,0.191780822,5.0,37.0,0.0,0.675675676,107,0.648728632,0.363864221,0.254602839,0.234687996,0.224893174,0.224893174,0.183895463,0.183895463,0.183895463,0.183895463,0.153893489,0.149106255,0.133994637
Hippotragus equinus,Roan antelope,Blood,4.1.9,Artiodactyla,225000.0,0.778082192,2.115068493,25.9,0.000528543,0.372411132,6,2.139470652,2.139470652,0.295944273,0.2065685,0.2065685,0.2065685,0.2065685,0.2065685,0.2065685,0.2065685,,,
Hippotragus niger,Sable antelope,Blood,4.1.10,Artiodactyla,225000.0,0.742465753,2.673972603,22.2,0.000123327,0.527027027,5,1.118089357,1.118089357,1.118089357,0.206570814,0.206570814,0.155615164,0.155615164,0.155615164,0.155615164,0.155615164,,,
Homo sapiens,Human,Adipose,1.1.1,Primates,62035.0,0.767123288,13.5,122.5,0.227755102,0.633469388,57,,,,0.13248955,0.029855855,0.012226706,0.00622799,0.00622799,0.00622799,0.00622799,0.00622799,0.00622799,0.00622799
Homo sapiens,Human,Blood,1.1.1,Primates,62035.0,0.767123288,13.5,122.5,0.09322449,0.75137825,584,2.627737652,0.31599357,-0.060693087,-0.007224659,0.022606522,0.018699516,0.015338491,0.015050346,0.015050346,0.015050346,0.015200382,0.023333605,0.023333605
Homo sapiens,Human,BoneMarrow,1.1.1,Primates,62035.0,0.767123288,13.5,122.5,0.312653061,0.603265306,20,,,,0.086061486,0.000258939,-0.014384331,-0.009585835,-0.009585835,-0.009585835,-0.009585835,-0.009585835,-0.009585835,-0.009585835
Homo sapiens,Human,Cerebellum,1.1.1,Primates,62035.0,0.767123288,13.5,122.5,0.432653061,0.824489796,46,,,,,0.066725961,0.031441075,0.031560863,0.027891841,0.017367624,0.017367624,0.017367624,0.017367624,0.017367624
Homo sapiens,Human,Cortex,1.1.1,Primates,62035.0,0.767123288,13.5,122.5,0.432653061,0.824489796,46,,,,,-0.089565699,0.034741393,0.028855476,0.036718181,0.028353283,0.028353283,0.028353283,0.028353283,0.028353283
Homo sapiens,Human,Heart,1.1.1,Primates,62035.0,0.767123288,13.5,122.5,0.227755102,0.744489796,97,,,,0.080379577,0.026107205,0.002998152,0.008261291,0.007063334,0.007063334,0.007063334,0.007063334,0.007063334,0.007063334
Homo sapiens,Human,Kidney,1.1.1,Primates,62035.0,0.767123288,13.5,122.5,0.227755102,0.744489796,97,,,,0.086286228,0.046200491,0.021559611,0.019152364,0.018566207,0.018566207,0.018566207,0.018566207,0.018566207,0.018566207
Homo sapiens,Human,Liver,1.1.1,Primates,62035.0,0.767123288,13.5,122.5,0.227755102,0.744489796,97,,,,0.028770634,0.04751926,0.025127131,0.022822672,0.020708315,0.020708315,0.020708315,0.020708315,0.020708315,0.020708315
Homo sapiens,Human,Lung,1.1.1,Primates,62035.0,0.767123288,13.5,122.5,0.227755102,0.696326531,113,,,0.998474605,0.012984628,0.022032844,0.003193905,0.002669662,0.002669662,0.002669662,0.002669662,0.002669662,0.002669662,0.002669662
Homo sapiens,Human,LymphNode,1.1.1,Primates,62035.0,0.767123288,13.5,122.5,0.312653061,0.633469388,27,,,,0.24478364,0.024372754,-0.015047636,-0.023668953,-0.023668953,-0.023668953,-0.023668953,-0.023668953,-0.023668953,-0.023668953
Homo sapiens,Human,Muscle,1.1.1,Primates,62035.0,0.767123288,13.5,122.5,0.227755102,0.633469388,57,,,,0.039956428,0.020977031,0.0098384,0.015576164,0.015576164,0.015576164,0.015576164,0.015576164,0.015576164,0.015576164
Homo sapiens,Human,Skin,1.1.1,Primates,62035.0,0.767123288,13.5,122.5,0.0,0.759183673,74,-0.085350765,-0.085350765,0.01241759,0.034729726,0.030406938,0.022172541,0.022316046,0.021829182,0.021829182,0.021829182,0.023993696,0.023993696,0.023993696
Indriidae,Indriidae,Blood,1.2,Primates,4287.85125,0.403928082,3.835969178,26.47125,0.003866478,1.102719423,8,,,,0.156111621,0.139598616,0.100328325,0.100328325,0.100328325,0.079290083,0.072733867,0.061609973,0.026531482,0.026531482
Lagenorhynchus obliquidens,Pacific white-sided dolphin,Blood,4.13.4,Artiodactyla,103000.0,0.975342466,7.004794521,41.0,0.010550742,0.970487805,17,-0.111041164,0.249517858,0.136579255,0.148397039,0.11005595,0.11005595,0.11005595,0.07691217,0.073094527,0.064349702,0.066510744,0.073042618,0.072421576
Lagenorhynchus obliquidens,Pacific white-sided dolphin,Skin,4.13.4,Artiodactyla,103000.0,0.975342466,7.004794521,41.0,0.010550742,0.985232209,17,0.553563959,-0.084700542,-0.116927492,0.118546367,0.041331741,0.041331741,0.041331741,0.027617885,0.018127689,0.025625286,0.023742578,0.018624404,0.004631936
Lemur catta,Ring-tailed lemur,Blood,1.3.12,Primates,2555.0,0.369863014,2.064383562,37.3,0.001608579,0.880428954,3,,,,,,,,,0.05544523,0.05544523,,,
Lemur catta,Ring-tailed lemur,Blood&Skin,1.3.12,Primates,2555.0,0.369863014,2.064383562,37.3,0.001608579,0.880428954,4,,,,0.124266081,0.124266081,0.124266081,0.124266081,0.124266081,0.057371233,0.057371233,,,
Lemuridae,Lemuridae,Blood,1.3,Primates,2328.465385,0.330593607,2.014365999,34.63358974,0.001748487,1.147881641,39,2.259906021,0.463256948,0.146755573,0.134768214,0.134383759,0.128209203,0.128209203,0.093007605,0.068297068,0.059527833,0.049223029,0.049223029,0.051627837
Lemuridae,Lemuridae,Skin,1.3,Primates,2315.703077,0.330874605,2.048050579,34.68692308,0.001741528,1.003991002,13,0.676740119,0.676740119,0.676740119,0.676740119,0.676740119,0.089549217,0.089549217,0.075418192,0.062387917,0.060090996,0.080367477,0.080367477,0.080367477
Leptonycteris yerbabuenae,Lesser long-nosed bat,Skin,8.4.4,Chiroptera,25.0,0.410958904,1.0,10.1,0.01980198,0.495049505,11,,0.936164379,0.936164379,0.936164379,0.487978387,0.487978387,0.487978387,0.487978387,0.487978387,0.487978387,0.561515953,0.561515953,
Litocranius walleri,Gerenuk,Blood,4.1.12,Artiodactyla,43500.0,0.55890411,0.983561644,17.3,0.052224899,0.427452889,7,,1.124120297,0.404135368,0.404135368,0.370825673,0.370825673,0.370825673,0.370825673,0.370825673,0.370825673,0.351007783,,
Lorisidae,Lorisidae,Blood,1.5,Primates,599.4428571,0.499412916,1.132876712,23.65714286,0.028056112,0.888977956,7,,,,,0.223527758,0.16482304,0.16482304,0.16482304,0.092883703,0.10370595,0.108836635,0.108836635,0.108836635
Lorisidae,Lorisidae,Skin,1.5,Primates,515.9,0.494977169,1.117351598,22.46666667,0.431750742,0.860385757,3,,,,,,,,,0.167784455,0.167784455,0.167784455,0.167784455,0.167784455
Loxodonta africana,Savanna elephant,Blood,2.1.2,Proboscidea,4800000.0,1.835616438,10.50410959,65.0,0.018503688,0.745500527,57,0.463404481,0.228024304,0.161099284,0.153245132,0.076558821,0.061730842,0.059474553,0.057913729,0.057913729,0.057913729,0.058015651,0.061613947,0.067123795
Macaca mulatta,Rhesus macaque,Adipose,1.4.2,Primates,8235.0,0.452054795,4.435616438,42.0,0.558809524,1.0,5,,,,,,,,0.043610262,0.043610262,0.101335603,0.101335603,0.101335603,0.101335603
Macaca mulatta,Rhesus macaque,Blood,1.4.2,Primates,8235.0,0.452054795,4.435616438,42.0,0.042619048,1.0,199,0.689026167,0.152884972,0.194110548,0.081144525,0.083797877,0.078084859,0.067871979,0.051791571,0.049886816,0.044325866,0.03766838,0.03766838,0.0201498
Macaca mulatta,Rhesus macaque,Cortex,1.4.2,Primates,8235.0,0.452054795,4.435616438,42.0,0.409047619,1.0,6,,,,,,,0.011505991,0.064454422,0.064454422,0.067475442,0.067475442,0.067475442,0.067475442
Macaca mulatta,Rhesus macaque,Liver,1.4.2,Primates,8235.0,0.452054795,4.435616438,42.0,0.409047619,1.0,5,,,,,,0.269813323,0.213718912,0.213718912,0.213718912,0.091559483,0.091559483,0.091559483,0.091559483
Macaca mulatta,Rhesus macaque,Lung,1.4.2,Primates,8235.0,0.452054795,4.435616438,42.0,0.409047619,1.0,6,,,,,,,0.108871443,0.093148524,0.093148524,0.093538954,0.093538954,0.093538954,0.093538954
Macaca mulatta,Rhesus macaque,Muscle,1.4.2,Primates,8235.0,0.452054795,4.435616438,42.0,0.409047619,1.0,5,,,,,,,,0.074883704,0.074883704,0.087692945,0.087692945,0.087692945,0.087692945
Macaca mulatta,Rhesus macaque,Skin,1.4.2,Primates,8235.0,0.452054795,4.435616438,42.0,0.181190476,1.0,51,,,0.00564118,0.207970719,0.143869723,0.141057421,0.130644152,0.123352436,0.123352436,0.107861958,0.107861958,0.107861958,0.113213162
Macropus fuliginosus,Western grey kangaroo,Blood,11.1.3,Diprotodontia,28250.0,0.082191781,2.123287671,23.2,0.071799717,0.217052433,5,4.663289489,0.888258571,-0.33057782,-0.33057782,-0.33057782,-0.33057782,-0.33057782,-0.33057782,-0.33057782,-0.33057782,,,
Macropus giganteus,Eastern grey kangaroo,Blood,11.1.4,Diprotodontia,49500.0,0.098630137,2.642465753,25.0,0.0728,0.532,12,16.1607241,16.1607241,16.1607241,16.1607241,0.023043695,0.09439033,0.09439033,0.09439033,0.09439033,0.09439033,1.307372797,1.307372797,1.307372797
Macropus rufogriseus,Red-necked wallaby,Blood,11.1.6,Diprotodontia,16200.0,0.079452055,1.373972603,15.2,0.132894737,0.634868421,5,,,,,,0.2610173,0.225321224,0.225321224,0.225321224,0.225321224,0.225321224,-0.456704057,-0.456704057
Macropus rufus,Red kangaroo,Blood,11.1.7,Diprotodontia,55000.0,0.090410959,1.812328767,25.0,0.0248,0.4692,37,0.9060248,0.796651001,0.071590366,0.111482048,0.134640493,0.134640493,0.134640493,0.134640493,0.134640493,0.134640493,0.185370905,0.23479534,0.23479534
Marmota flaviventris,Yellow-bellied marmot,Blood,9.13.1,Rodentia,3500.0,0.082191781,2.0,21.2,0.000471698,0.567924528,153,0.964374805,0.49588022,0.361104589,0.289210173,0.24754733,0.218685507,0.218685507,0.218685507,0.218685507,0.218685507,0.22388065,0.230904657,0.216677129
Megaptera novaeangliae,Humpback whale,Skin,4.12.3,Artiodactyla,30000000.0,0.936986301,7.96,95.0,0.004210526,0.46,91,0.12516606,0.087996152,0.047196872,0.045824746,0.047521276,0.047521276,0.047521276,0.047521276,0.047521276,0.047521276,0.04881253,0.059112629,0.073955336
Microtus ochrogaster,Prairie vole,Brain,9.5.5,Rodentia,40.0,0.063013699,0.128767123,5.3,0.011886792,0.208830189,47,6.29350373,2.585489885,2.246943527,2.246943527,2.246943527,2.246943527,2.246943527,2.246943527,2.246943527,2.246943527,2.273776432,0.665527935,-107.0381659
Microtus ochrogaster,Prairie vole,Liver,9.5.5,Rodentia,40.0,0.063013699,0.128767123,5.3,0.011886792,0.208830189,47,6.026109303,1.792810882,1.63371049,1.63371049,1.63371049,1.63371049,1.63371049,1.63371049,1.63371049,1.63371049,1.660872367,1.641130613,71.21606952
Microtus ochrogaster,Prairie vole,Skin,9.5.5,Rodentia,40.0,0.063013699,0.128767123,5.3,0.011886792,0.208830189,47,4.069989403,2.483555098,2.141932347,2.141932347,2.141932347,2.141932347,2.141932347,2.141932347,2.141932347,2.141932347,1.748449251,3.24328496,-187.8608055
Mirza zaza,Northern giant mouse lemur,Blood&Skin,1.6.3,Primates,302.0,0.245205479,1.1,20.0,0.6425,0.903,3,,,,,,,,,,0.099885104,0.099885104,0.099885104,0.099885104
Molossus molossus,Pallas's mastiff bat,Skin,8.8.2,Chiroptera,14.0,0.295890411,1.166667123,6.0,0.05,0.983333333,14,,,0.769173567,0.769173567,0.769173567,0.769173567,0.751377122,0.751377122,0.751377122,0.574938873,0.598145198,0.598145198,0.598145198
Monodelphis domestica,Opossum,Liver,10.1.3,Didelphimorphia,105.0,0.04109589,0.334246575,5.1,0.007520816,0.641955412,48,4.263275493,2.323301999,1.383218952,0.705170927,0.705170927,0.745938772,0.721102816,0.721102816,0.721102816,0.721102816,0.419378609,0.519427676,1.240487779
Monodelphis domestica,Opossum,Skin,10.1.3,Didelphimorphia,105.0,0.04109589,0.334246575,5.1,0.007520816,0.434595756,45,6.601089246,2.47043082,1.588141648,0.996556289,0.875072523,0.875072523,0.875072523,0.875072523,0.875072523,0.875072523,-0.534927741,-0.310793901,0.241185711
Mus musculus,Mouse,Aorta,9.9.1,Rodentia,20.5,0.052054795,0.115068493,4.0,0.086306099,0.110280015,20,,12.09807869,12.09807869,12.09807869,12.09807869,12.09807869,12.09807869,12.09807869,12.09807869,12.09807869,,,
Mus musculus,Mouse,Blood,9.9.1,Rodentia,20.5,0.052054795,0.115068493,4.0,0.004794783,0.68125,406,4.212285026,1.687545929,1.034261167,0.939476498,0.861110898,0.84652559,0.819030364,0.819030364,0.819030364,0.819030364,0.951311937,0.97999093,0.991126756
Mus musculus,Mouse,Cerebellum,9.9.1,Rodentia,20.5,0.052054795,0.115068493,4.0,0.020833333,0.5625,128,7.944135784,5.698014523,2.15525725,1.69616673,1.26312029,1.061401161,1.061401161,1.061401161,1.061401161,1.061401161,0.932148566,0.268835958,0.510857782
Mus musculus,Mouse,Cortex,9.9.1,Rodentia,20.5,0.052054795,0.115068493,4.0,-0.003767123,0.5625,161,6.530081366,2.998589858,1.570761026,0.980489096,0.578949674,0.671139039,0.671139039,0.671139039,0.671139039,0.671139039,0.636717768,0.269477075,0.374153878
Mus musculus,Mouse,Fibroblast,9.9.1,Rodentia,20.5,0.052054795,0.115068493,4.0,-0.005136986,0.648630137,84,3.616002419,3.53307432,3.53307432,1.029188989,0.990764071,0.806307906,0.762826502,0.762826502,0.762826502,0.762826502,0.342027283,1.053409993,1.496656359
Mus musculus,Mouse,Heart,9.9.1,Rodentia,20.5,0.052054795,0.115068493,4.0,-0.004452055,0.546575343,120,6.143434718,2.876959165,1.963231027,1.860203281,1.472841425,1.054606831,1.054606831,1.054606831,1.054606831,1.054606831,1.21443158,1.200909634,1.151950348
Mus musculus,Mouse,HematopoieticStem.Progenitor.LSK,9.9.1,Rodentia,20.5,0.052054795,0.115068493,4.0,0.090410959,0.568493151,12,,,,,,1.063381862,1.063381862,1.063381862,1.063381862,1.063381862,4.985921072,4.985921072,4.985921072
Mus musculus,Mouse,Hippocampus,9.9.1,Rodentia,20.5,0.052054795,0.115068493,4.0,0.065688531,0.338991178,18,14.29528635,14.29528635,1.944473983,1.609753952,1.609753952,1.609753952,1.609753952,1.609753952,1.609753952,1.609753952,-0.639754544,-0.639754544,-0.639754544
Mus musculus,Mouse,Kidney,9.9.1,Rodentia,20.5,0.052054795,0.115068493,4.0,0.038356165,0.561875,52,1.112486795,1.112486795,1.112486795,1.112486795,0.195177018,0.007114171,0.007114171,0.007114171,0.007114171,0.007114171,-2.053912683,-2.053912683,-2.053912683
Mus musculus,Mouse,Liver,9.9.1,Rodentia,20.5,0.052054795,0.115068493,4.0,0.004794783,0.694672131,597,4.789124926,1.81927262,1.293724825,1.239624813,1.162383681,0.963803892,0.960758633,0.960758633,0.960758633,0.960758633,1.043411394,1.058283553,1.145478476
Mus musculus,Mouse,Lung,9.9.1,Rodentia,20.5,0.052054795,0.115068493,4.0,0.0625,0.561875,22,27.85020017,27.85020017,27.85020017,27.85020017,0.834622762,0.832246569,0.832246569,0.832246569,0.832246569,0.832246569,1.369005041,1.369005041,1.369005041
Mus musculus,Mouse,MacrophagePeritoneal,9.9.1,Rodentia,20.5,0.052054795,0.115068493,4.0,0.086306099,0.110280015,42,,15.25456301,15.25456301,15.25456301,15.25456301,15.25456301,15.25456301,15.25456301,15.25456301,15.25456301,,,
Mus musculus,Mouse,Muscle,9.9.1,Rodentia,20.5,0.052054795,0.115068493,4.0,0.004794783,0.5625,208,6.168575092,0.367333746,0.970966825,1.070530607,0.464082351,0.48567211,0.48567211,0.48567211,0.48567211,0.48567211,0.536505931,0.389206145,-0.320200265
Mus musculus,Mouse,Skin,9.9.1,Rodentia,20.5,0.052054795,0.115068493,4.0,0.004794783,0.625,57,6.790825337,6.790825337,6.790825337,6.790825337,1.077236403,0.938546316,0.934544557,0.934544557,0.934544557,0.934544557,-1.105799309,-1.105799309,-1.105799309
Mus musculus,Mouse,Striatum,9.9.1,Rodentia,20.5,0.052054795,0.115068493,4.0,0.020833333,0.5625,56,13.65244795,4.736520211,1.947797497,1.366377885,1.130071176,0.965611183,0.965611183,0.965611183,0.965611183,0.965611183,0.702271968,0.978838005,0.978838005
Mus musculus,Mouse,SVZ,9.9.1,Rodentia,20.5,0.052054795,0.115068493,4.0,0.014395394,0.625,10,14.05706821,14.05706821,1.553338889,1.398264288,1.398264288,1.398264288,0.825173122,0.825173122,0.825173122,0.825173122,-0.337729342,-0.337729342,-0.337729342
Mus musculus,Mouse,Tail,9.9.1,Rodentia,20.5,0.052054795,0.115068493,4.0,0.004794783,0.395833333,69,16.55147331,3.462904334,1.517870652,1.279607798,1.279607798,1.279607798,1.279607798,1.279607798,1.279607798,1.279607798,0.787012832,1.668581968,1.668581968
Mus musculus,Mouse,WholeBrain,9.9.1,Rodentia,20.5,0.052054795,0.115068493,4.0,0.004794783,0.269925,29,26.71880875,26.71880875,1.640463858,1.640463858,1.640463858,1.640463858,1.640463858,1.640463858,1.640463858,1.640463858,10.66419322,10.66419322,10.66419322
Myotis lucifugus,Little brown bat,Skin,8.7.8,Chiroptera,10.0,0.150684932,0.769,34.0,0.002941176,0.147058824,11,0.372198196,0.365906243,0.365906243,0.365906243,0.365906243,0.365906243,0.365906243,0.365906243,0.365906243,0.365906243,,,
Myotis myotis,Greater mouse-eared bat,Skin,8.7.9,Chiroptera,28.55,0.178082192,1.375342466,37.1,0.026954178,0.242587601,38,-0.528808984,0.358311309,0.230531605,0.230531605,0.230531605,0.230531605,0.230531605,0.230531605,0.230531605,0.230531605,0.177063165,-0.251845987,1.092947133
Myotis vivesi,Fish-eating bat,Skin,8.7.10,Chiroptera,25.0,0.164383562,1.065753425,10.0,0.01,0.2,17,1.585909045,1.081279638,1.081279638,1.081279638,1.081279638,1.081279638,1.081279638,1.081279638,1.081279638,1.081279638,1.210817303,,
Nanger dama,Dama gazelle,Blood,4.1.13,Artiodactyla,56900.0,0.569863014,1.5,19.3,0.000425573,0.180442808,8,3.705811196,0.651598473,0.651598473,0.651598473,0.651598473,0.651598473,0.651598473,0.651598473,0.651598473,0.651598473,,,
Nycticebus coucang,Slow loris,Blood&Skin,1.5.2,Primates,890.5,0.515068493,1.583561644,25.8,0.287596899,0.859689922,3,,,,,,,,,0.126781987,0.126781987,0.126781987,0.126781987,0.126781987
Nycticebus pygmaeus,Pygmy slow loris,Blood,1.5.3,Primates,419.0,0.515068493,0.747945205,20.0,0.035,0.9945,3,,,,,,,,,,0.092014819,,,
Nycticebus pygmaeus,Pygmy slow loris,Blood&Skin,1.5.3,Primates,419.0,0.515068493,0.747945205,20.0,0.035,0.9945,4,,,,,0.173487824,0.173487824,0.173487824,0.173487824,0.173487824,0.111659711,0.107189398,0.107189398,0.107189398
Nycticeius humeralis,Evening bat,Muscle,8.7.4,Chiroptera,9.75,0.150684932,0.833334247,6.0,0.0,0.5,24,,1.61288008,1.61288008,0.618806379,0.515378244,0.515378244,0.515378244,0.515378244,0.515378244,0.515378244,-0.12072455,-0.12072455,0.784861841
Odobenus rosmarus divergens,Pacific walrus,Blood,5.7.1,Carnivora,1012500.0,0.906849315,6.0,41.0,6.68e-05,0.992682927,11,,0.298236768,0.233754036,0.13547451,0.13547451,0.13547451,0.090373847,0.090373847,0.065472082,0.061745578,0.06564782,0.06564782,0.066711332
Orcinus orca,Killer whale,Blood,4.13.5,Artiodactyla,3987500.0,1.457534247,10.50719178,80.0,0.011806982,0.6775,36,0.271642207,0.166732866,0.072546814,0.069284301,0.068662734,0.051067749,0.044138732,0.044138732,0.044138732,0.044138732,0.041869281,0.037571428,0.052373767
Orcinus orca,Killer whale,Skin,4.13.5,Artiodactyla,3987500.0,1.457534247,10.50719178,80.0,0.0,0.95,183,0.103151294,0.002390136,-0.006509588,0.007263024,-0.000777184,0.005840136,0.007678635,0.007678635,0.007678635,0.008528165,0.010171497,0.015477735,0.012610961
Oreamnos americanus,Mountain goat,Skin,4.1.16,Artiodactyla,90000.0,0.504109589,2.498630137,20.8,0.048076923,0.528846154,18,0.284716524,0.414381978,0.431609435,0.28175654,0.26427885,0.22637387,0.22637387,0.22637387,0.22637387,0.22637387,0.199774667,0.217956528,0.157916466
Oryctolagus cuniculus,European rabbit,Blood,3.1.1,Lagomorpha,1800.0,0.082191781,2.0,9.0,0.111111111,0.5,5,,,,0.691882632,0.481122009,0.481122009,0.481122009,0.481122009,0.481122009,0.481122009,0.481122009,0.398979447,0.398979447
Otolemur crassicaudatus,Greater galago,Blood,1.7.2,Primates,1094.5,0.356164384,1.553424658,22.7,0.311894273,0.647136564,3,,,,,,,0.255485423,0.255485423,0.255485423,0.255485423,0.255485423,0.255485423,0.255485423
Otolemur crassicaudatus,Greater galago,Blood&Skin,1.7.2,Primates,1094.5,0.356164384,1.553424658,22.7,0.311894273,0.647136564,4,,,,,,,0.101042688,0.101042688,0.101042688,0.101042688,0.101042688,0.101042688,0.101042688
Ovis aries,Sheep,Blood,4.1.17,Artiodactyla,80000.0,0.4,2.002739726,22.8,0.127923977,0.306895711,168,,0.497758747,0.547126651,0.566890105,0.566890105,0.566890105,0.566890105,0.566890105,0.566890105,0.566890105,0.566890105,0.667905779,0.159421189
Ovis aries,Sheep,Skin,4.1.17,Artiodactyla,80000.0,0.4,2.002739726,22.8,0.004563085,0.39963015,262,0.75461988,0.500150373,0.345749883,0.273664839,0.273664839,0.273664839,0.273664839,0.273664839,0.273664839,0.273664839,0.306176052,0.347735174,0.397139495
Panthera leo nubica,Lion,Blood,5.2.4,Carnivora,175000.0,0.298630137,3.0,27.0,0.046666667,0.475777626,7,,0.477007351,0.401699165,0.401699165,0.210088974,0.210088974,0.210088974,0.210088974,0.210088974,0.210088974,0.241597525,0.241597525,0.258372675
Panthera tigris,Tiger,Blood,5.2.5,Carnivora,161914.66,0.287671233,3.675342466,26.3,0.186860919,0.649429658,8,,,-0.981745154,-0.981745154,0.196784593,0.169081895,0.166115388,0.166115388,0.166115388,0.166115388,0.166115388,0.166115388,0.240879278
Papio hamadryas,Olive baboon,Adipose,1.4.3,Primates,18000.0,0.468493151,4.487671233,37.5,0.199733333,0.609066667,41,,,0.498102852,0.343203017,0.211378418,0.122974763,0.109557994,0.109557994,0.109557994,0.109557994,0.109557994,0.109557994,0.107079208
Papio hamadryas,Olive baboon,Cerebellum,1.4.3,Primates,18000.0,0.468493151,4.487671233,37.5,0.2144,0.609066667,38,,,0.014524143,0.049793636,0.051074352,0.045724505,0.057408779,0.057408779,0.057408779,0.057408779,0.057408779,0.057408779,0.057408779
Papio hamadryas,Olive baboon,Cortex,1.4.3,Primates,18000.0,0.468493151,4.487671233,37.5,-0.001384335,0.609066667,105,,0.596432883,0.198299196,0.163542468,0.124753571,0.114910161,0.112290012,0.112290012,0.112290012,0.112290012,0.086798073,0.086798073,0.086262301
Papio hamadryas,Olive baboon,Heart,1.4.3,Primates,18000.0,0.468493151,4.487671233,37.5,0.159466667,0.609066667,47,,4.501686111,0.029531547,-0.027123935,-0.026517096,-0.007099414,0.019385557,0.019385557,0.019385557,0.019385557,0.019385557,0.019385557,0.042185767
Papio hamadryas,Olive baboon,Liver,1.4.3,Primates,18000.0,0.468493151,4.487671233,37.5,0.159466667,0.609066667,50,,0.15384181,0.334723458,0.065641302,0.122032272,0.113664228,0.108600202,0.108600202,0.108600202,0.108600202,0.108600202,0.108600202,0.094551943
Peromyscus californicus,California mouse,Tail,9.5.9,Rodentia,42.0,0.082191781,0.126027397,5.5,0.015090909,0.5,16,4.171956523,1.489253586,1.378906077,1.192457885,0.967916601,0.967916601,0.967916601,0.967916601,0.967916601,0.967916601,0.559425276,1.201842338,1.006605956
Peromyscus eremicus,Cactus mouse,Tail,9.5.10,Rodentia,25.0,0.071232877,0.353424658,7.4,0.021621622,0.359459459,17,2.15849138,1.821560558,0.770091994,0.681636988,0.681636988,0.681636988,0.681636988,0.681636988,0.681636988,0.681636988,0.539894231,-0.329647978,0.136570058
Peromyscus leucopus,White-footed mouse,Brain,9.5.11,Rodentia,23.0,0.071232877,0.2,7.9,0.073839662,0.29535865,7,,,0.806491591,0.806491591,0.806491591,0.806491591,0.806491591,0.806491591,0.806491591,0.806491591,,,
Peromyscus leucopus,White-footed mouse,Liver,9.5.11,Rodentia,23.0,0.071232877,0.2,7.9,0.073839662,0.29535865,8,,,0.912821632,0.912821632,0.912821632,0.912821632,0.912821632,0.912821632,0.912821632,0.912821632,,,
Peromyscus leucopus,White-footed mouse,Tail,9.5.11,Rodentia,23.0,0.071232877,0.2,7.9,0.010506329,0.453164557,16,3.038448677,1.954192952,1.169171991,1.169171991,0.621673294,0.621673294,0.621673294,0.621673294,0.621673294,0.621673294,0.258449084,-0.007224949,0.573120891
Peromyscus maniculatus,Eastern deer mouse,Brain,9.5.12,Rodentia,20.5,0.065753425,0.134246575,8.3,0.070281124,0.291164659,12,,0.542304083,0.110168993,0.110168993,0.110168993,0.110168993,0.110168993,0.110168993,0.110168993,0.110168993,-0.833366806,-0.833366806,-0.550679801
Peromyscus maniculatus,Eastern deer mouse,Liver,9.5.12,Rodentia,20.5,0.065753425,0.134246575,8.3,0.070281124,0.291164659,13,,1.893128303,1.190885869,1.190885869,1.190885869,1.190885869,1.190885869,1.190885869,1.190885869,1.190885869,1.847042865,1.847042865,1.293575051
Peromyscus maniculatus,Eastern deer mouse,Tail,9.5.12,Rodentia,20.5,0.065753425,0.134246575,8.3,0.01,0.340963855,25,3.101557864,2.184906934,1.012619152,0.912069609,0.912069609,0.912069609,0.912069609,0.912069609,0.912069609,0.912069609,0.809171103,1.611733093,1.611733093
Peromyscus polionotus,Oldfield mouse,Tail,9.5.13,Rodentia,14.0,0.065753425,0.076712329,5.5,0.015090909,0.347272727,16,4.892431569,2.435322386,1.808058559,1.251784746,1.251784746,1.251784746,1.251784746,1.251784746,1.251784746,1.251784746,1.138510045,1.034085101,1.122547055
Phoca vitulina,Harbor seal,Blood,5.9.1,Carnivora,115000.0,0.693150685,3.5,48.0,0.010780287,1.0,57,0.584962916,0.263493886,0.171819622,0.15811695,0.125167106,0.098186478,0.077756359,0.072471929,0.072471929,0.065351199,0.04414946,0.034564051,0.055884379
Phoca vitulina,Harbor seal,Skin,5.9.1,Carnivora,115000.0,0.693150685,3.5,48.0,0.081335616,0.730022831,11,,,0.19709013,0.119483711,0.083989094,0.075861463,0.067667177,0.064426723,0.064426723,0.064426723,0.060900085,0.060900085,0.03943895
Phyllostomus discolor,Pale spear-nosed bat,Skin,8.4.5,Chiroptera,43.4,0.287671233,2.0,18.0,0.0,0.983333333,50,1.368450741,1.179855253,0.443376644,0.376825524,0.376825524,0.376825524,0.184009756,0.177081794,0.177081794,0.170318869,0.218559666,0.230996244,0.230996244
Phyllostomus hastatus,Greater spear-nosed bat,Skin,8.4.6,Chiroptera,81.0,0.328767123,2.0,22.0,0.0,0.75,71,0.812087116,0.6366057,0.439927849,0.322472661,0.256580172,0.203614805,0.180217327,0.171931803,0.171931803,0.171931803,0.194051139,0.19272204,0.216951831
Propithecus coquereli,Coquerel's sifaka,Blood,1.2.3,Primates,4189.27,0.386273973,3.813726027,30.59,0.003269042,0.932330827,3,,,,,,,,,,0.068062607,,,
Propithecus coquereli,Coquerel's sifaka,Blood&Skin,1.2.3,Primates,4189.27,0.386273973,3.813726027,30.59,0.003269042,0.932330827,4,,,,,0.119916305,0.119916305,0.119916305,0.119916305,0.119916305,0.053450392,-0.003647337,-0.003647337,-0.003647337
Propithecus diadema,Diademed sifaka,Blood&Skin,1.2.1,Primates,5550.0,0.430136986,2.875342466,21.0,0.675714286,0.888095238,3,,,,,,,,,0.355914989,0.355914989,0.355914989,0.355914989,0.355914989
Propithecus tattersalli,Golden-crowned sifaka,Blood,1.2.2,Primates,3545.0,0.404109589,4.498630137,26.0,0.135384615,0.978076923,3,,,,,,,,,,0.075248603,0.075248603,,
Propithecus tattersalli,Golden-crowned sifaka,Blood&Skin,1.2.2,Primates,3545.0,0.404109589,4.498630137,26.0,0.135384615,0.978076923,3,,,,,,,,,,0.075248603,0.075248603,,
Pteropus hypomelanus,Variable flying fox,Skin,8.5.4,Chiroptera,450.0,0.534246575,1.0,26.5,0.01509434,0.728301887,40,1.063096474,0.532135125,0.325338889,0.247235844,0.207839488,0.155575613,0.141639942,0.13531823,0.13531823,0.13531823,0.157880586,0.172777468,0.172777468
Pteropus poliocephalus,Grey-headed flying fox,Skin,8.5.5,Chiroptera,675.0,0.520547945,1.479452055,23.6,0.258474576,0.707627119,16,,,,0.001651565,0.129972359,0.259329016,0.219139845,0.202492927,0.202492927,0.202492927,0.202492927,0.202492927,0.202492927
Pteropus pumilus,Little golden-mantled flying fox,Skin,8.5.6,Chiroptera,200.0,0.328767123,0.75,17.3,0.046242775,1.0,46,-0.60352497,0.521293714,0.454519456,0.454519456,0.454519456,0.219829627,0.190689691,0.173192117,0.174565487,0.1545568,0.160887155,0.161065993,0.171317367
Pteropus rodricensis,Rodriguez flying fox,Skin,8.5.7,Chiroptera,350.0,0.542465753,1.50000274,28.0,0.142857143,0.746428571,19,,,-0.331472975,-0.331472975,0.183040414,0.189877647,0.13862135,0.143859857,0.143859857,0.143859857,0.143859857,0.164978903,0.164978903
Pteropus vampyrus,Large flying fox,Skin,8.5.8,Chiroptera,872.0,0.454794521,2.0,24.0,0.025,0.933333333,51,0.186105988,0.509304125,0.260598544,0.216787111,0.190340553,0.182521471,0.175997657,0.160494406,0.15219246,0.148289823,0.158241031,0.165191341,0.172669214
Rattus norvegicus,Brown rat,Adipose,9.9.3,Rodentia,300.0,0.057534247,0.219178082,3.8,0.08021699,0.559066251,38,,1.790927218,1.790927218,1.313039599,1.313039599,0.924139198,0.924139198,0.924139198,0.924139198,0.924139198,0.954517649,0.954517649,1.188045756
Rattus norvegicus,Brown rat,Blood,9.9.3,Rodentia,300.0,0.057534247,0.219178082,3.8,0.010094282,0.605656835,140,7.649373894,3.057886664,2.816328072,1.831179901,1.406927579,1.123098782,1.090996485,1.090996485,1.090996485,1.090996485,1.156325781,1.251023036,1.330295903
Rattus norvegicus,Brown rat,Brain,9.9.3,Rodentia,300.0,0.057534247,0.219178082,3.8,0.030282842,0.605656835,18,,,1.990354231,1.990354231,1.990354231,1.990354231,0.926161031,0.926161031,0.926161031,0.926161031,0.926501446,0.926501446,0.926501446
Rattus norvegicus,Brown rat,Cerebellum,9.9.3,Rodentia,300.0,0.057534247,0.219178082,3.8,0.08021699,0.559066251,39,,1.657997975,1.657997975,1.108216638,1.108216638,0.736068933,0.736068933,0.736068933,0.736068933,0.736068933,0.710819222,0.710819222,0.465955815
Rattus norvegicus,Brown rat,Heart,9.9.3,Rodentia,300.0,0.057534247,0.219178082,3.8,0.030282842,0.605656835,30,,2.586460487,2.039702926,2.039702926,2.039702926,1.270536162,0.732032131,0.732032131,0.732032131,0.732032131,0.653192189,0.653192189,0.450730464
Rattus norvegicus,Brown rat,Liver,9.9.3,Rodentia,300.0,0.057534247,0.219178082,3.8,0.030282842,0.605656835,64,8.199485403,3.654001868,2.780446511,2.050706045,2.050706045,1.09472673,1.059915298,1.059915298,1.059915298,1.059915298,1.129457381,1.129457381,1.225160997
Rattus norvegicus,Brown rat,Muscle,9.9.3,Rodentia,300.0,0.057534247,0.219178082,3.8,0.242105263,0.481578947,6,,,,,0.596256002,0.596256002,0.596256002,0.596256002,0.596256002,0.596256002,0.596256002,0.596256002,0.596256002
Rattus norvegicus,Brown rat,Neocortex,9.9.3,Rodentia,300.0,0.057534247,0.219178082,3.8,0.08021699,0.559066251,34,,1.12030784,1.12030784,0.293009138,0.293009138,0.390790128,0.390790128,0.390790128,0.390790128,0.390790128,0.347167618,0.347167618,0.920805695
Rattus norvegicus,Brown rat,Ovaries,9.9.3,Rodentia,300.0,0.057534247,0.219178082,3.8,0.08021699,0.559066251,30,,0.350959738,0.350959738,0.650860272,0.650860272,0.684988451,0.684988451,0.684988451,0.684988451,0.684988451,0.724191932,0.724191932,0.783458342
Rattus norvegicus,Brown rat,Skin,9.9.3,Rodentia,300.0,0.057534247,0.219178082,3.8,0.08021699,0.559066251,37,,1.360239516,1.360239516,0.903484188,0.903484188,1.138020719,1.138020719,1.138020719,1.138020719,1.138020719,1.279426454,1.279426454,2.343241432
Rattus norvegicus,Brown rat,Substantia nigra,9.9.3,Rodentia,300.0,0.057534247,0.219178082,3.8,0.08021699,0.559066251,22,,1.311423632,1.311423632,1.311423632,1.311423632,0.252277476,0.252277476,0.252277476,0.252277476,0.252277476,0.049098246,0.049098246,
Rhinolophus ferrumequinum,Greater horseshoe bat,Skin,8.6.1,Chiroptera,22.875,0.219178082,2.0,30.5,0.0,0.691803279,40,0.721619413,0.286710932,0.226739791,0.209617398,0.173999412,0.14890424,0.13770894,0.13770894,0.13770894,0.13770894,0.15370409,0.172073802,0.188922244
Rhynchonycteris naso,Proboscis bat,Skin,8.17.2,Chiroptera,3.9,0.405479452,1.5,8.5,0.011764706,0.705882353,22,-1.441470015,-1.09689289,-0.232800013,-0.167323113,-0.167323113,0.01719014,0.01719014,0.172396249,0.172396249,0.172396249,0.484301811,0.434748572,0.401200537
Rousettus aegyptiacus,Egyptian fruit bat,Skin,8.5.9,Chiroptera,125.0,0.317808219,1.0,22.9,0.218340611,0.611353712,16,,,,0.603040874,0.107184604,0.177105975,0.231908189,0.231908189,0.231908189,0.231908189,0.231908189,0.231908189,0.231908189
Saccopteryx bilineata,Greater sac-winged bat,Skin,8.17.1,Chiroptera,7.9,0.350684932,1.0,11.0,0.018181818,0.754545455,29,-1.893079832,-0.500722081,0.033511096,0.075822769,0.114791362,0.114791362,0.105838724,0.176644765,0.176644765,0.176644765,0.311933786,0.304783687,0.286628789
Sarcophilus harrisii,Tasmanian devil,Skin,18.1.1,Dasyuromorphia,8202.25,0.071232877,2.0,13.0,0.038461538,0.615384615,41,,0.500789742,0.449573511,0.354142743,0.213605146,0.213605146,0.115823909,0.115823909,0.115823909,0.115823909,0.056285,0.043300205,-0.088403953
Sorex cinereus,Cinereus shrew,Liver,12.3.10,Eulipotyphla,4.3,0.052054795,0.421917808,1.9,0.175438596,0.657894737,11,,4.088248423,4.088248423,4.088248423,4.088248423,2.022351849,1.664063363,1.664063363,1.664063363,1.664063363,1.556172029,1.556172029,2.377000117
Sorex cinereus,Cinereus shrew,Tail,12.3.10,Eulipotyphla,4.3,0.052054795,0.421917808,1.9,0.087719298,0.701754386,33,7.528762369,5.531380572,4.926968891,4.926968891,1.596181697,1.2518838,1.213483188,1.14273107,1.14273107,1.14273107,0.366856553,0.206724398,1.901276346
Steno bredanensis,Rough-toothed dolphin,Blood,4.13.10,Artiodactyla,114000.0,1.030136986,10.0,32.0,0.145106092,0.746321013,6,,,,,0.123775934,0.041650073,0.041650073,0.058256819,0.058256819,0.058256819,0.058256819,0.069172819,0.069172819
Steno bredanensis,Rough-toothed dolphin,Skin,4.13.10,Artiodactyla,114000.0,1.030136986,10.0,32.0,0.145448323,0.746663244,6,,,,,0.153736133,0.144383697,0.144383697,0.090826518,0.090826518,0.090826518,0.090826518,0.101190306,0.101190306
Sus scrofa domesticus,Pig,Bladder,4.7.1,Artiodactyla,350000.0,0.315068493,0.458334,23.0,0.003454437,0.172364503,15,0.993704818,0.476937397,0.476937397,0.476937397,0.476937397,0.476937397,0.476937397,0.476937397,0.476937397,0.476937397,0.526285521,6.154264962,
Sus scrofa domesticus,Pig,Blood,4.7.1,Artiodactyla,350000.0,0.315068493,0.458334,23.0,0.001310304,0.272185825,98,1.067943547,0.592358278,0.482315139,0.482315139,0.482315139,0.482315139,0.482315139,0.482315139,0.482315139,0.482315139,0.767589402,1.006479355,1.273932181
Sus scrofa domesticus,Pig,FrontalCortex,4.7.1,Artiodactyla,350000.0,0.315068493,0.458334,23.0,0.003454437,0.172364503,16,1.185565341,0.556430609,0.556430609,0.556430609,0.556430609,0.556430609,0.556430609,0.556430609,0.556430609,0.556430609,0.69300416,6.421590844,
Sus scrofa domesticus,Pig,Kidney,4.7.1,Artiodactyla,350000.0,0.315068493,0.458334,23.0,0.003454437,0.172364503,16,1.1899296,0.53142931,0.53142931,0.53142931,0.53142931,0.53142931,0.53142931,0.53142931,0.53142931,0.53142931,-0.934880377,0.414668508,
Sus scrofa domesticus,Pig,Liver,4.7.1,Artiodactyla,350000.0,0.315068493,0.458334,23.0,0.003454437,0.172364503,16,1.692695582,0.620541965,0.620541965,0.620541965,0.620541965,0.620541965,0.620541965,0.620541965,0.620541965,0.620541965,-0.326149147,0.088086876,
Sus scrofa domesticus,Pig,Lung,4.7.1,Artiodactyla,350000.0,0.315068493,0.458334,23.0,0.003454437,0.172364503,15,1.394316179,0.63301881,0.63301881,0.63301881,0.63301881,0.63301881,0.63301881,0.63301881,0.63301881,0.63301881,1.011175998,-2.432033546,
Sus scrofa minusculus,Winsconsin miniature pig,Blood,4.7.2,Artiodactyla,100000.0,0.315068493,0.458334,23.0,0.000952948,0.223942823,60,1.487539711,1.133074632,0.729842295,0.729842295,0.729842295,0.729842295,0.729842295,0.729842295,0.729842295,0.729842295,0.553818749,1.589435675,1.589435675
Tachyglossus aculeatus,Short-beaked echidna,Blood,21.2.1,Monotremata,3500.0,0.091780822,1.501369863,49.5,0.008417508,0.21010101,5,-1.574524481,-1.574524481,0.181028395,0.181028395,0.181028395,0.181028395,0.181028395,0.181028395,0.181028395,0.181028395,,,
Tadarida brasiliensis,Mexican free-tailed bat,Skin,8.8.3,Chiroptera,12.5,0.21369863,1.123287671,12.0,0.016666667,0.516666667,19,1.637871216,1.637871216,0.649081227,0.395699919,0.395699919,0.306959982,0.306959982,0.306959982,0.306959982,0.306959982,0.291461635,0.291461635,0.291461635
Tragelaphus angasii,Nyala,Blood,4.1.19,Artiodactyla,120000.0,0.61369863,1.238356164,18.5,0.116105146,0.591188449,5,,,,0.356507522,0.10539288,0.102240192,0.102240192,0.102240192,0.102240192,0.102240192,0.102240192,-0.146476203,-0.146476203
Tragelaphus eurycerus,Bongo,Blood,4.1.20,Artiodactyla,307500.0,0.789041096,2.356164384,21.9,0.000375048,0.657209205,5,2.728364238,2.728364238,0.380169241,0.380169241,0.380169241,0.380169241,0.157300618,0.157300618,0.157300618,0.157300618,,,
Tragelaphus imberbis,Lesser kudu,Blood,4.1.21,Artiodactyla,82500.0,0.643835616,1.380821918,19.8,0.000553101,0.579096924,7,1.128933266,1.128933266,1.128933266,1.128933266,0.173836401,0.16312758,0.16312758,0.16312758,0.16312758,0.16312758,0.743113425,0.743113425,0.743113425
Tragelaphus strepsiceros,Greater kudu,Blood,4.1.23,Artiodactyla,217500.0,0.624657534,1.416438356,23.5,0.01106383,0.595744681,9,,0.4042799,0.4042799,0.4042799,0.4042799,0.158147796,0.158147796,0.158147796,0.158147796,0.158147796,0.197821832,0.197821832,0.23543123
Trichechus manatus,West Indian manatee,Blood,14.1.1,Sirenia,467324.83,0.917808219,3.001369863,69.0,0.017391304,0.494955808,9,0.090489197,0.090489197,0.090489197,0.090489197,0.064072793,0.064072793,0.064072793,0.064072793,0.064072793,0.064072793,,,
Tupaia longipes,Long-footed treeshrew,Skin,17.1.3,Scandentia,164.1,0.128757991,0.310787671,12.0,0.066666667,0.25,10,-1.170553985,1.037231215,1.084318804,1.084318804,1.084318804,1.084318804,1.084318804,1.084318804,1.084318804,1.084318804,1.39059582,1.611621417,
Tupaia tana,Large treeshrew,Skin,17.1.4,Scandentia,197.8,0.128757991,0.310787671,11.6,0.086206897,0.25862069,27,,0.926381883,0.859448908,0.859448908,0.859448908,0.859448908,0.859448908,0.859448908,0.859448908,0.859448908,0.922797375,0.928528339,
Tursiops aduncus,Indo-Pacific bottlenose dolphin,Skin,4.13.9,Artiodactyla,130000.0,1.0,6.75,49.0,0.06122449,0.755102041,44,,-0.212365575,-0.025632337,0.067154391,0.07517921,0.053640184,0.046901113,0.021673249,0.021673249,0.021673249,0.02809338,0.015941814,0.002361249
Tursiops truncatus,Bottlenose dolphin,Blood,4.13.6,Artiodactyla,200000.0,1.030136986,8.931506849,67.0,0.00854046,0.863731343,143,0.277335846,0.136358908,0.088529953,0.05763328,0.053512953,0.05625072,0.0520649,0.047773357,0.049405512,0.049405512,0.049318105,0.050031109,0.053355626
Tursiops truncatus,Bottlenose dolphin,Skin,4.13.6,Artiodactyla,200000.0,1.030136986,8.931506849,67.0,0.011641791,0.863731343,115,0.209571331,0.077547372,-0.009394485,-0.01072188,0.02921235,0.040580885,0.037100769,0.033891234,0.032435932,0.032435932,0.03570534,0.036474125,0.047821405
Varecia rubra,Red ruffed lemur,Blood,1.3.14,Primates,3601.3,0.268493151,1.724657534,37.5,0.010133333,0.929333333,3,,,,,,,,,,0.021957937,,,
Varecia rubra,Red ruffed lemur,Blood&Skin,1.3.14,Primates,3601.3,0.268493151,1.724657534,37.5,0.010133333,0.929333333,4,,,,0.13166668,0.13166668,0.13166668,0.13166668,0.13166668,0.13166668,0.027290101,,,
Varecia variegata,Black and white ruffed lemur,Blood,1.3.13,Primates,3482.3,0.268493151,1.717808219,39.4,0.021827411,0.999746193,3,,,,0.157362239,0.157362239,0.157362239,0.157362239,0.157362239,0.157362239,0.059565094,0.062455023,0.062455023,0.062455023
Varecia variegata,Black and white ruffed lemur,Blood&Skin,1.3.13,Primates,3482.3,0.268493151,1.717808219,39.4,0.021827411,0.999746193,4,,,0.166538645,0.16422111,0.16422111,0.16422111,0.16422111,0.16422111,0.16422111,0.063002848,0.062455023,0.062455023,0.062455023
Vicugna pacos,Alpaca,Blood,4.2.1,Artiodactyla,62000.0,0.945205479,1.276712329,25.8,0.064599483,0.581395349,5,,,,0.30783921,0.30783921,0.147652498,0.147652498,0.147652498,0.147652498,0.147652498,0.039007046,0.039007046,0.039007046
Zalophus californianus,California sea lion,Blood,5.8.3,Carnivora,180000.0,0.709589041,4.001369863,35.7,0.000230071,0.850574316,69,0.711437266,0.284936564,0.231635005,0.214107996,0.180782008,0.147543592,0.129159787,0.116132024,0.102256552,0.102256552,0.098904671,0.099331642,0.096625818
Zalophus californianus,California sea lion,Skin,5.8.3,Carnivora,180000.0,0.709589041,4.001369863,35.7,0.041456583,0.903183998,17,1.001167221,0.138487823,0.138487823,0.138487823,0.138487823,-0.004653652,0.084077571,0.084077571,0.077810575,0.065939138,0.069816524,0.067439459,0.064862878
