SpeciesLatinName,SpeciesCommonName,Order,n_tissues,n_samples,adult_mass_g,max_lifespan_y,maturity_y,gestation_y,span_y,arocm,arocm_mean_states,contrast,tissues,log_mass,log_lifespan,log_span,log_arocm,log_contrast,implied_cor,lq_resid,longevity_quotient,resid_M1,resid_M2,resid_M3,resid_M4,resid_M5,resid_student,cooks_d,p_outlier,q_outlier,signif,fit_lo,fit_hi
Acinonyx jubatus,Cheetah,Carnivora,1,14,53500.0,20.5,1.249315068,0.24109589,11.400410677000002,0.221575606,0.10044328500000001,2.205977293554268,Blood,10.887436932884098,3.0204248861443626,2.433649379049836,-1.506991411395828,0.7911706277385673,0.7292086621727735,-0.47345514787756393,0.622846519382209,0.7372358880350214,0.31995940630626185,0.12337490362551518,0.3768027103211278,0.15126252575842147,0.8785615761980186,0.0035461868325367715,0.38136608507918746,0.9764587990474115,False,-1.9285490115645734,-1.7375014789282215
Acomys cahirinus,Spiny mouse,Rodentia,2,107,45.2,5.9,0.160273973,0.104109589,3.2621175279037384,0.7022515849946103,0.3081855805324345,2.2956999927336788,Fibroblast|Skin,3.8110970868381857,1.7749523509116738,1.1823765329500666,-0.35346355597703416,0.831037804734201,0.661304851566256,-0.7937839704541232,0.45213070506487574,0.8307390363298138,0.15446362696419547,0.09616272244431023,0.3142140261282089,0.05628834638585467,0.4254570893686986,0.001519948222515819,0.6712530506518416,0.9764587990474115,False,-0.6096070305239025,-0.40227488313708964
Antrozous pallidus,Pallid bat,Chiroptera,1,23,20.8,14.8,1.0,0.169863014,6.7999999932,0.488544112,0.20639302344444443,2.367057296059734,Skin,3.0349529867072724,2.6946271807700692,1.916922611182061,-0.7163255106549952,0.8616475364322632,0.959007652593295,0.22736207898574667,1.255284297730922,0.3516119021484946,0.4837169718087905,0.40333200510065514,0.3335862375947124,0.35102202672857874,1.340070202111903,0.013916230480363532,0.18271302826859406,0.9764587990474115,False,-1.299611796712216,-1.1057577665375955
Aonyx cinereus,Asian small-clawed otter,Carnivora,1,12,3000.0,23.0,2.0,0.17260274,10.588219188000002,0.21314321900000002,0.08359668461111111,2.549661149739788,Blood,8.006367567650246,3.1354942159291497,2.3597419856995043,-1.5457909495540056,0.9359604678856941,0.6514840994692189,0.018278286085550377,1.0184463564074746,0.26685663825623096,0.16218276899785122,-0.049622664043332154,0.47987855009786096,0.06251650113327378,0.4430645774633811,0.000539804884189623,0.658503671844348,0.9764587990474115,False,-1.775512352965735,-1.648635330127229
Apodemus sylvaticus,Long-tailed field mouse,Rodentia,3,90,23.4,6.3,0.18630137,0.063013699,0.7981126301399999,2.4527543318155796,1.3333344835940693,2.000055720797211,Blood|Liver|Skin,3.152736022363656,1.840549633397487,-0.22550555096539962,0.8972116101654318,0.6931750405704571,0.5651029987972119,-0.6421141401953896,0.5261788314948135,1.9827927385891657,0.04280208515431916,0.02056721581380283,0.16681908130309664,-0.04243205088278579,0.12063117110154294,0.0003648878697948298,0.904181623069567,0.9764587990474115,False,0.6754563893945129,1.0353036254048344
Balaena mysticetus,Bowhead whale,Artiodactyla,1,79,100000000.0,211.0,22.49863014,1.164383562,138.000000207,0.007454049999999997,0.0053436158333333315,1.3949449647000884,Skin,18.420680743952367,5.351858133476067,4.927253686657204,-4.89899777013968,0.33285496266719156,0.2969482468550744,0.8730998574050668,2.394321416719327,-1.5263022599878027,-0.5529498016051306,-0.5734954289608494,0.027558259888716907,-0.2521796456073387,-1.5774444309907694,0.06487468348212475,0.11728279362106854,0.9764587990474115,False,-4.567931147647207,-4.1330565392312195
Bos taurus,Cattle,Artiodactyla,3,452,750000.0,38.0,1.501369863,0.75890411,11.480530971278762,0.10716990947815505,0.1074492023548918,1.3297573287540736,Blood|Oocyte|Skin,13.527828485512494,3.6375861597263857,2.440652641675387,-2.2333397649141613,0.28499646600248424,0.355176493546415,-0.20149233805070654,0.8175098412550532,0.4064140839985577,-0.35564285892877057,-0.33491509580103807,-0.09114214130760029,-0.2126688881597878,-0.9852976368695329,0.009822239882108659,0.3264279196336226,0.9764587990474115,False,-2.023460835307161,-1.7448776441558855
Callithrix jacchus,Common marmoset,Primates,1,95,255.2,22.8,1.176712329,0.394520548,15.0799999824,0.197598886,0.0686816610925926,2.8770254367262424,Blood,5.542047551470635,3.126760535960395,2.7133693614127012,-1.621516131336083,1.0567569259367362,0.8601916249745359,0.3317238991612279,1.3933680853011683,-0.1780198505917816,0.38479954492057145,0.5062994344268454,0.564994976523097,0.26179682938027726,1.059417764766026,0.006078774034253535,0.2915025446462447,0.9764587990474115,False,-2.089252989740835,-1.9310413027054687
Canis lupus familiaris,Dog,Carnivora,1,742,26625.0,24.0,1.832876712,0.169863014,17.4,0.18996119199999997,0.08739721255555555,2.1735383365830794,Blood,10.189605903011726,3.1780538303479458,2.856470206220483,-1.6609354803156395,0.7763564094706294,0.9541650644300048,-0.22459344721676766,0.7988409237509565,0.47875781578072685,0.5602259933026623,0.347425608465854,0.35188483950326066,0.37354939210782157,1.5454731829820216,0.007823472658944865,0.12482193600070125,0.9764587990474115,False,-2.304588296572408,-2.1459371503875553
Capra hircus,Domestic goat,Artiodactyla,1,78,61000.0,20.8,1.494520548,0.424657534,7.632876700800002,0.290502545,0.1290999237592593,2.2502146906121983,Skin,11.018629143155449,3.0349529867072724,2.0324647992468505,-1.2361429419712313,0.8110256297141821,0.6400996141579489,-0.4760788024765854,0.6212145270753683,1.027736746589508,0.20791710666837848,0.2251629337578156,0.3985571986381302,0.06265535040496484,0.5718019995484511,0.002260387067614406,0.5685081599329715,0.9764587990474115,False,-1.5620812800368475,-1.33588384283488
Capreolus capreolus,Roe deer,Artiodactyla,1,188,21666.7,17.5,1.463013699,0.419178082,13.000000002499998,0.225879174,0.1265497392777778,1.7849043015742077,Blood,9.98353179867002,2.8622008809294686,2.5649493576538442,-1.4877550509931123,0.5793648012309285,0.8476741125990113,-0.513504762100903,0.5983946684119781,0.6210686646629191,0.4501533660333259,0.4460379408643995,0.15190955604609724,0.2662701087213869,1.2374742561753602,0.0050009843045750735,0.21828748801448072,0.9764587990474115,False,-2.023243228009489,-1.8620237850103083
Carollia perspicillata,Seba's short-tailed bat,Chiroptera,1,32,15.0,17.0,0.74,0.260273973,10.300000001,0.23130995500000004,0.11723264529629626,1.9730848384030089,Skin,2.70805020110221,2.833213344056216,2.3321438953326776,-1.4639966713280645,0.6795982258134374,0.6877663537120483,0.4086867290223979,1.5048402238682466,-0.4450287875619141,0.12914661412647055,0.03499196490960799,0.14680381534575215,0.07853016906277588,0.3564240031851185,0.0012589326447247,0.7221387190412019,0.9764587990474115,False,-1.7064525320951114,-1.485507979104418
Ceratotherium simum simum,White rhino,Perissodactyla,1,23,2175000.0,45.0,4.501369863,1.410958904,29.34976041,0.082759187,0.0709482295925926,1.1664728982700443,Blood,14.592539222504922,3.8066624897703196,3.3792843830380606,-2.49182024973932,0.15398457883614755,0.7011810218158961,-0.1716137381265912,0.8423044604402903,0.30742561223475917,0.30457725417000425,0.23465128410943858,-0.20673845236417568,0.13740866555881204,0.8425300305739777,0.006967670556239714,0.401140024160072,0.9764587990474115,False,-2.940679483815183,-2.6591573709467022
Cervus canadensis,Wapity elk,Artiodactyla,1,42,280093.29,25.0,2.0,0.687671233,13.580821925,0.15488048100000001,0.07846772464814818,1.9738112924070261,Blood,12.54287800523116,3.2188758248682006,2.6086586449676368,-1.8651015498285273,0.6799663398899898,0.6072004998143513,-0.49143260760188445,0.6117493693212334,0.6271082484723114,0.1574340471996698,0.16746373163560158,0.2895669774606199,0.03558721361266115,0.4326822621265839,0.0012848969776971333,0.6660095260570172,0.9764587990474115,False,-2.1457175427831565,-1.91092515416076
Cervus elaphus,Red deer,Artiodactyla,1,53,200000.0,31.5,2.167123288,0.671232877,10.756164383999996,0.173553717,0.0876015063703704,1.981172746804516,Blood,12.206072645530174,3.449987545831587,2.3754790212946686,-1.7512681194447468,0.6836889657340999,0.5388907477045762,-0.21628776108272518,0.8055034759674592,0.6904887596150344,0.041833694833703694,0.05646739130122791,0.28841311575158246,-0.034010979341935976,0.11495540257668498,9.588200565901692e-05,0.9086694564226592,0.9764587990474115,False,-1.9178651750786126,-1.6806996998964638
Cheirogaleidae,Cheirogaleidae,Primates,1,6,248.9333333,22.73333333,0.921917808,0.193150685,29.149999983992476,0.07449901699999999,0.06752553446296296,1.1032717858880765,Blood,5.517185122865553,3.1238322760346793,3.3724549122473584,-2.5969693483145457,0.09828011598191,0.6269003007497217,0.3320460935672389,1.393817093033772,-1.1571974207208662,0.0415569524163919,0.14417037654771603,-0.393841807880299,0.0284103945297155,0.11472726065162692,0.00013772758423401393,0.9088499110625555,0.9764587990474115,False,-2.7570990090418266,-2.5321046710448742
Cheirogaleus medius,Fat-tailed dwarf lemur,Primates,1,3,380.0,30.0,1.0,0.167123288,28.62999999,0.05224728299999999,0.04598676057407407,1.13613749583082,Blood&Skin,5.940171252720432,3.4011973816621555,3.3544551187607397,-2.9517673894892638,0.1276343480371489,0.431811730126757,0.5541110062857144,1.740393098320561,-1.4486327972734951,-0.32346567634460044,-0.2177973956235042,-0.3583633069024319,-0.16506005277424352,-0.8943485865644885,0.007379220748173232,0.37289639994407575,0.9764587990474115,False,-2.738646623629297,-2.5283480826413682
Chlorocebus aethiops sabaeus,Vervet,Primates,3,240,5620.0,30.8,3.916438356,0.443835616,23.95725939376,0.1186431173889321,0.08494707443831477,1.4205826442640366,Blood|Cortex|Liver,8.634086942887738,3.427514689979529,3.1762713841407906,-2.131635305461492,0.3510671003198638,0.8205197925344156,0.22823223337945997,1.2563770642467935,-0.22495633117622704,0.3705526466341653,0.49748326010163213,-0.09592628715796253,0.23395351964905187,1.0180036407216702,0.004355923756584491,0.31069078089462776,0.9764587990474115,False,-2.581061682591966,-2.425125627867237
Chrysocyon brachyurus,Maned wolf,Carnivora,1,5,21500.0,16.8,2.0,0.175342466,8.8761122688,0.243295304,0.16140262951851855,1.507381290662836,Blood,9.975808214115753,2.8213788864092133,2.1833636535707965,-1.4134793306530793,0.4103739006896234,0.6233986968912717,-0.5533169936865048,0.5750392419255196,0.6941874040448295,0.15803417269058806,-0.036916057612089714,-0.017193171587205458,0.04196514662573658,0.4327760666350476,0.0008268573932592165,0.665941557168707,0.9764587990474115,False,-1.6662546856576326,-1.4848161471005403
Connochaetes taurinus albojubatus,White-bearded gnu,Artiodactyla,1,10,164500.0,24.3,1.812328767,0.693150685,11.9699999856,0.183448508,0.07840532090740741,2.3397456432407577,Blood,12.010665849187564,3.190476350346503,2.482403518366874,-1.6958212612201877,0.8500422239916329,0.6338955614126868,-0.45025194031651194,0.6374675276181175,0.7166639835527158,0.1966542671394167,0.20707337699984452,0.45193714703062804,0.060246310342248144,0.5402692463093495,0.0018410037601289426,0.5899962754334075,0.9764587990474115,False,-2.0090157868808194,-1.7862366705756951
Crocuta crocuta,Spotted hyena,Carnivora,1,6,63000.0,41.1,2.375342466,0.301369863,16.1900000025,0.13070358599999998,0.08722321912962962,1.4984953238856111,Blood,11.05089000537367,3.716008121502189,2.78439376784396,-2.0348232218499978,0.4044614872395893,0.6108628708868316,0.20075862450675253,1.2223296957794672,0.23388909371402855,0.13151590558677917,-0.07405708569117908,-0.0075398500431790305,0.03354202029036024,0.3598839238171802,0.0005263574709744804,0.719556172795833,0.9764587990474115,False,-2.2611340777501745,-2.0783115732737283
Cynopterus brachyotis,Lesser short-nosed fruit bat,Chiroptera,1,10,45.0,13.0,0.69,0.306849315,6.200000001,0.272845494,0.2402499055925926,1.1356736783184502,Skin,3.8066624897703196,2.5649493574615367,1.8245492922123363,-1.2988496000547072,0.12722602403197478,0.4883350002438007,-0.003207195311349942,0.9967979422456821,-0.11531130349401453,-0.17460498535591418,-0.24772409812579155,-0.38966196156117405,-0.11669846938157746,-0.4796321350261508,0.0014714490301775429,0.6323477115578136,0.9764587990474115,False,-1.2124512734284294,-1.038215009421162
Daubentonia madagascariensis,Aye-aye,Primates,2,7,2277.5,37.0,4.25,0.452054795,35.969999994000005,0.05507944617989378,0.04140001031100393,1.3526022265674265,Blood|Blood&Skin,7.730833629134113,3.6109179126442243,3.582685257540727,-2.898978660003501,0.3020303122962109,0.5719253933264072,0.5297246295908322,1.6984645373417178,-1.1276056278014843,-0.02175337695115287,0.08819271098576964,-0.15804096546747448,-0.018096253498653625,-0.059847582663299204,2.9017094305702912e-05,0.9523749524054907,0.9764587990474115,False,-2.983411743935173,-2.775691455685317
Daubentoniidae,Daubentoniidae,Primates,1,3,2277.5,37.0,4.25,0.452054795,35.969999994000005,0.05241060900000003,0.04871734740740742,1.0758099894418927,Blood,7.730833629134113,3.6109179126442243,3.582685257540727,-2.9486462463157097,0.07307385640777107,0.5442131365827645,0.5297246295908322,1.6984645373417178,-1.1772732141136932,-0.07142096326336178,0.03852512467356073,-0.3869974213559143,-0.045808510242296374,-0.19652055648952316,0.00031278934934831563,0.8445297362260913,0.9764587990474115,False,-2.983411743935173,-2.775691455685317
Delphinapterus leucas,Beluga whale,Artiodactyla,2,185,1430000.0,50.0,11.00753425,1.279452055,49.730810084324325,0.04088797583741248,0.0280648356688256,1.5579436529162554,Blood|Skin,14.17318500223609,3.912023005428146,3.906624662244572,-3.196919248462027,0.4433667805020214,0.5869897557903888,-0.011427856714983697,0.9886371932100253,-0.46049199670069374,0.09865532988487269,0.08158744507166604,0.07657206553361218,0.021613169997520054,0.27237416310565077,0.0007657018895709615,0.785794785785395,0.9764587990474115,False,-3.4448272596738456,-3.158887193664297
Desmodus rotundus,Common vampire bat,Chiroptera,1,44,33.2,29.9,0.780821918,0.517808219,17.0000000027,0.141741604,0.0625651334814815,2.265504700664528,Skin,3.502549875922443,3.3978584803966405,2.8332133442150393,-1.9537495691690674,0.8177975600134476,0.6955937025210159,0.8694608819365537,2.385624373580753,-0.8157668693491023,0.13359358396843546,0.029970970675636588,0.2965064337532354,0.0893968573678402,0.3692529582449043,0.0014897199255766267,0.7125792843874379,0.9764587990474115,False,-2.2054723158400646,-1.9766867019278167
Diceros bicornis,Eastern black rhinoceros,Perissodactyla,1,5,1100000.0,49.0,5.589041096,1.298630137,21.3601437,0.03239181599999999,0.04557121283333334,0.710795565579216,Blood,13.9108207377686,3.8918202981106265,3.0615267415974543,-3.429849480683328,-0.3413704213547309,0.19973254867595588,0.0026703111343922004,1.0026738795907588,-0.7327239878330456,-0.9498190462348992,-1.0148102981009903,-0.7119638171731191,-0.3666477053330651,-2.6914129497837727,0.058662511246436407,0.008113873593233865,0.28349461447414365,False,-2.6169720492244535,-2.351279375624856
Eidolon helvum,Straw-colored fruit bat,Chiroptera,1,24,306.25,21.8,1.75000274,0.753424658,13.0999999958,0.19794097400000005,0.08247062398148153,2.400139157967896,Skin,5.724401761858937,3.0819099697950434,2.572612229886495,-1.619786403842663,0.8755267181596038,0.748542348537756,0.2630327805510442,1.3008693614673033,-0.14897374589416335,0.2544635773734376,0.1716081030965777,0.3864050118763354,0.1508451446121637,0.6979002665570742,0.002238906427911687,0.48656758011661516,0.9764587990474115,False,-1.9505577177996742,-1.8045881214043227
Elephas maximus,Asian elephant,Proboscidea,1,83,3178000.0,88.0,9.005479452,1.764383562,71.227397208,0.035907441,0.016596689462962957,2.1635303281495237,Blood,14.971762626078798,4.477336814478207,4.26587753665157,-3.326810734770417,0.771741298680008,0.7383136659887267,0.44948182762662725,1.5674997399544184,-0.4707577965318217,0.3269086569110575,0.18162509733730214,0.4165089111233371,0.17599201978836743,0.9097097233525895,0.01124951787404303,0.364769355844034,0.9764587990474115,False,-3.818306077469744,-3.5013538582482195
Eptesicus fuscus,Big brown bat,Chiroptera,2,76,23.0,23.0,1.749315068,0.164383562,16.823684218447365,0.14727026061080656,0.09146561742960628,1.950451498261586,Muscle|Skin,3.1354942159291497,3.1354942159291497,2.8227876685171225,-1.9154858726333106,0.6680608833450131,0.7152297000924238,0.6550845947886357,1.9253053812893357,-0.8324875400070737,0.15573014405014463,0.050197049057771226,0.1414552859645707,0.10762869229445415,0.4311672159615221,0.002222431410784131,0.6671076827911748,0.9764587990474115,False,-2.196706272780594,-1.954673699587268
Equus africanus somaliensis,Somali wild ass,Perissodactyla,1,7,250000.0,47.0,1.75,1.006849315,7.655030812,0.287125141,0.2507629300555555,1.145006325043293,Blood,12.429216196844383,3.8501476017100584,2.0353630541831924,-1.2478371268976798,0.13541016104622308,0.6344940320601535,0.15469904167203463,1.167306597593055,1.2273463092204968,0.22252393236947543,0.1777972998168187,-0.2566348711383979,0.06244593533005649,0.6150222050285734,0.0038513028419102646,0.5396855241828507,0.9764587990474115,False,-1.6146666390813644,-1.3425080803218052
Equus caballus,Horse,Perissodactyla,2,258,300000.0,57.0,2.584931507,0.923287671,28.174225696883724,0.10398000501825017,0.0401652615324442,2.594331214501004,Blood|Liver,12.611537753638338,4.04305126783455,3.3384075776274855,-2.263556657764882,0.9533287625932756,0.8456900099423859,0.32376642440436365,1.3823243921651587,0.23893826409982744,0.4605753355410038,0.3799009486079825,0.5639235007590004,0.27433937996541125,1.2720036388948872,0.009941384117605027,0.2057911036392933,0.9764587990474115,False,-2.8407155802618114,-2.614452159641656
Equus quagga,Zebra,Perissodactyla,2,96,280000.0,38.0,2.465753425,1.0,21.001255895666663,0.14291600479048247,0.09473933162397978,1.6142434054061736,Blood|Skin,12.542544882151386,3.6375861597263857,3.044582240490757,-1.9454982003844423,0.47886636727909526,0.8664340488960772,-0.07267872103059636,0.9298995392043393,0.5466616965969633,0.4954543600611456,0.42271825250935957,0.08846218167662134,0.29481948834001603,1.3691272881872292,0.010918766630491463,0.17347480394056786,0.9764587990474115,False,-2.554762053051288,-2.3333012091716245
Eulemur albifrons,White-headed lemur,Primates,1,3,2231.59,34.59,2.657534247,0.328767123,14.940000002010002,0.086405042,0.06261757388888892,1.3798848571380382,Blood&Skin,7.710469614871532,3.5435646229490776,2.7040421798392096,-2.448709248393319,0.3220000588315711,0.3726482277577012,0.4650336823169572,1.5920678125166905,-0.6803867138672475,-0.41519158695032843,-0.2803892035282787,-0.1383660624054241,-0.21745132111667315,-1.1398771357090096,0.003934026641533207,0.25657045587609467,0.9764587990474115,False,-2.0991207893963373,-1.9728916265490466
Eulemur collaris,Collared brown lemur,Primates,2,7,2333.61,37.0,2.073972599,0.336986301,32.989999977,0.06026962572136022,0.051232231658320124,1.1790369438640553,Blood|Blood&Skin,7.755171703768876,3.6109179126442243,3.496204484543309,-2.8089270215386515,0.1646979559786868,0.5739713126407249,0.526542728040543,1.6930687793350663,-1.0339081835955368,-0.014304761801523291,0.09824619634958554,-0.295020939275025,-0.01595722946215583,-0.039307942600089865,1.1254171150803256e-05,0.9687091260390988,0.9764587990474115,False,-2.8948597089633545,-2.698524638509684
Eulemur coronatus,Crowned lemur,Primates,1,3,1645.0,30.0,1.665753425,0.345205479,18.12,0.08703620500000002,0.08930164787037036,0.974631567004689,Blood&Skin,7.405495663199472,3.4011973816621555,2.8970163006148333,-2.4414310974684224,-0.025695759394117366,0.45526841005710084,0.36253800458572805,1.4369718314675513,-0.7187931867499917,-0.22777158680851795,-0.1002888310708383,-0.49047749230868015,-0.13599780937230832,-0.6237728278357325,0.0015060750784409796,0.5339413458431141,0.9764587990474115,False,-2.2854075624260863,-2.1456936375763216
Eulemur flavifrons,Blue-eyed black lemur,Primates,2,7,2433.0,32.0,2.1,0.347945205,27.080000000000002,0.07990223207587714,0.06553082033943751,1.228177986662487,Blood|Blood&Skin,7.796880342783522,3.4657359027997265,3.2987954480440744,-2.5269514907318076,0.20553175950102145,0.6246215281790193,0.37590783068818956,1.4563129002272799,-0.7456847635100645,0.07888255701250735,0.19729637620001927,-0.25358325088816736,0.03485254147673,0.2162978631467458,0.0002662056527395526,0.8291168228037697,0.9764587990474115,False,-2.6929063791821317,-2.5230965017358282
Eulemur macaco,Black lemur,Primates,2,7,2467.0,37.5,1.104109589,0.328767123,24.959999999999997,0.06761822487652107,0.046609192754673824,1.4520485826665432,Blood|Blood&Skin,7.810758116529357,3.624340932976365,3.217274543501227,-2.6938777335033306,0.3729753749795977,0.4872117161756094,0.5326985139841032,1.7035230925729201,-0.9105321373506836,-0.16606037258549344,-0.04524557717588795,-0.08593870395470854,-0.10250418143526757,-0.4552724456840753,0.001063540454841212,0.6497224445506602,0.9764587990474115,False,-2.610560621256756,-2.4483539896999362
Eulemur mongoz,Mongoose lemur,Primates,2,7,1555.0,36.2,2.349315068,0.328767123,29.949999989200002,0.05577542383214277,0.05021362621113775,1.1151432013139089,Blood|Blood&Skin,7.349230824613334,3.5890591188317256,3.3995293242008575,-2.8864219397297455,0.10898282833710816,0.48222429038181464,0.5577556719104422,1.7467478226076456,-1.1722124143547599,-0.1913619766227832,-0.0785033263901962,-0.3566135435882136,-0.10925716884136166,-0.526261440285074,0.0019500487219390496,0.5996619779178571,0.9764587990474115,False,-2.7931921951571606,-2.601432861548165
Eulemur rubriventer,Red-bellied lemur,Primates,2,7,2191.5,34.0,2.734246575,0.328767123,25.970000020000004,0.06220412992341823,0.05083768584338202,1.2245543191243928,Blood|Blood&Skin,7.692341519858864,3.5263605246161616,3.2569420264447766,-2.7773338839586104,0.20257695667478406,0.4663377218196915,0.4501996076810766,1.5686252638941063,-1.011726909881103,-0.21341596840213795,-0.09444083344866927,-0.2580516349390781,-0.12383117564840423,-0.5857607960116151,0.0018913663416479057,0.5591183170462503,0.9764587990474115,False,-2.6500890002066932,-2.4824734100436863
Eulemur sanfordi,Sanford's brown lemur,Primates,2,7,2111.34,32.94,1.819178082,0.328767123,23.499999987839995,0.08003544301791925,0.064987368084696,1.2317036184611179,Blood|Blood&Skin,7.655078095987852,3.494687724749494,3.157000420632666,-2.5252857046965,0.20839826673894996,0.5429496934295552,0.4233985385475747,1.527142799975692,-0.765260733580224,-0.057918330576000265,0.06367397897212079,-0.2527698490168558,-0.04736175437496026,-0.1586241202772795,0.00012422821322965655,0.8742273013051506,0.9764587990474115,False,-2.5488327149023258,-2.388630809953024
Felis catus,Domestic cat,Carnivora,1,128,3900.0,30.0,0.791780822,0.178082192,20.70569952,0.123134672,0.051929664870370366,2.3711817187223416,Blood,8.268731832117737,3.4011973816621555,3.030409001502896,-2.094476628260392,0.863388446374299,0.7360030975374173,0.24968057665166077,1.2836153344881918,-0.24252728153910486,0.2616132281952912,0.03231899335069688,0.41110520943644485,0.14803916741762446,0.7167141651674673,0.001937012184447759,0.4749203114264027,0.9764587990474115,False,-2.4305046272524766,-2.2842663675637196
Globicephala macrorhynchus,Short-finned pilot whale,Artiodactyla,1,9,2200000.0,63.0,12.05753425,1.238356164,11.37999996,0.05378267,0.09528381714814811,0.564447055226369,Blood,14.603967918328545,4.143134726391533,2.4318574251832463,-2.922803982664962,-0.5719086903554786,0.17668268730169867,0.16336433819210416,1.1774656072388061,-0.12184611982506555,-1.0356064169344683,-1.0081584792192395,-0.9324662494475726,-0.3870459487529656,-2.974459555609539,0.11292550959305142,0.0035386316468967722,0.22293379375449665,False,-2.052720732773809,-1.7359242521670168
Gorilla gorilla,Western lowland gorilla,Primates,1,6,139842.0,60.1,9.375342466,0.701369863,42.730780328099996,0.05384438999999999,0.0453702832962963,1.186776587846333,Blood,11.848268492846586,4.096009841541162,3.7549195113216243,-2.9216570590796533,0.1712408821135006,0.6641874450034136,0.4765129920524691,1.610448951604193,-0.5334986858022233,0.18953891066530826,0.31934409273057085,-0.22921548963557972,0.08991694673196082,0.5213607555937673,0.0019582051325763225,0.6030606182908032,0.9764587990474115,False,-3.2276798629025105,-3.0025873103510117
Hapalemur griseus,Bamboo lemur,Primates,2,7,1012.5,27.0,3.049315068,0.397260274,18.739999998,0.08426606196476971,0.07739427602665414,1.0948702269987634,Blood|Blood&Skin,6.920177798980694,3.295836866004329,2.9306602767035526,-2.4737760814542846,0.09063584208872609,0.45586018439833076,0.32062678340640094,1.3779911957311053,-0.8238380322564984,-0.2359151439487186,-0.11230675029573911,-0.3811726392311593,-0.1372626069084869,-0.6467774809431402,0.0018934087123260066,0.5189909546825808,0.9764587990474115,False,-2.3166414052781366,-2.166231027963172
Heterocephalus glaber,Naked mole rat,Rodentia,8,380,35.0,37.0,5.0,0.191780822,22.31791994700526,0.13560647199310086,0.06130633912068569,2.4004761668770773,Blood|Cortex|Heart|Kidney|Liver|Lung|Muscle|Skin,3.5553480614894135,3.6109179126442243,3.1053899408319605,-1.9979981760521228,0.8756671205401032,0.8736621272922692,1.0756176059367055,2.9318030404626216,-0.8521063901212667,0.3514747855309175,0.2369673433836692,0.3551404408284099,0.267667260334682,0.978089487113617,0.012654278243242481,0.32996559448162854,0.9764587990474115,False,-2.482298726532109,-2.2243125681552054
Hippotragus equinus,Roan antelope,Artiodactyla,1,6,225000.0,25.9,2.115068493,0.778082192,9.6317590551,0.2065685,0.09158774003703705,2.255416499156612,Blood,12.323855681186558,3.254242968705492,2.2650658732099793,-1.5771232024593462,0.8133346561908233,0.5743532498235634,-0.42743101001737527,0.65218239449617,0.8822773922206786,0.11196206336169445,0.1304428224697074,0.41976414577849624,0.0019020989617696271,0.3081847166757891,0.0007775536511432291,0.7584673494214014,0.9764587990474115,False,-1.8196501826019356,-1.5718976763792891
Hippotragus niger,Sable antelope,Artiodactyla,1,5,225000.0,22.2,2.673972603,0.742465753,11.697262140000001,0.15561516399999997,0.12710981959259263,1.224257610456624,Blood,12.323855681186558,3.100092288878234,2.459354809292033,-1.8603692169734238,0.20233462800459376,0.5254670816562365,-0.5815816898446333,0.5590134809967172,0.599031377706601,0.015204843274169155,0.02816220927109825,-0.19123588240773334,-0.04698406920555731,0.04176853962188129,1.234129847690111e-05,0.9667514954782819,0.9764587990474115,False,-1.9981788462833379,-1.7637438336311135
Homo sapiens,Human,Primates,12,1315,62035.0,122.5,13.5,0.767123288,68.99446388265021,0.012932963561870153,0.009689179764820777,1.3875776577426446,Adipose|Blood|BoneMarrow|Cerebellum|Cortex|Heart|Kidney|Liver|Lung|LymphNode|Muscle|Skin,11.035454020876973,4.808111029984782,4.234026267793594,-4.347975912006787,0.3275595346164644,0.25758565610945505,1.294879596609305,3.6505564083097104,-2.0815758829215434,-0.7904602261996438,-0.6791623871727577,-0.08466529491219799,-0.31979424447637284,-2.2291089414346255,0.05441191941505658,0.027637314064448408,0.49747165316007136,False,-3.6841900368155542,-3.4311217790263764
Indriidae,Indriidae,Primates,1,8,4287.85125,26.47125,3.835969178,0.403928082,29.08801102033125,0.07273386700000001,0.059714611018518514,1.2180246301436006,Blood,8.363541012316842,3.276059238395655,3.3703260968567696,-2.6209481569729696,0.19723039087602315,0.6107452262953247,0.11214730838105291,1.1186776391000595,-0.7547965424607452,0.0629928816437273,0.18278014119168073,-0.2536801369470606,0.023143986425891994,0.172690727734081,0.000166731163776256,0.863180697505779,0.9764587990474115,False,-2.771463184966288,-2.5991381403848095
Lagenorhynchus obliquidens,Pacific white-sided dolphin,Artiodactyla,2,34,103000.0,41.0,7.004794521,0.975342466,39.659679865,0.040607628812389086,0.03846137244665009,1.1337812795766258,Blood|Skin,11.542484267211773,3.713572066704308,3.680335051072183,-3.2037993282427966,0.12555831154986866,0.4649071354426935,0.13405271404733465,1.1434530940965049,-0.8614469565528684,-0.1692918931870233,-0.19574336489663802,-0.27932540355141033,-0.11053313306745144,-0.4651745485014043,0.00143617539841917,0.6426357069363271,0.9764587990474115,False,-3.1452107126767284,-2.9312218299403874
Lemur catta,Ring-tailed lemur,Primates,2,7,2555.0,37.3,2.064383562,0.369863014,32.7799999875,0.05653774358131455,0.03763098967319387,1.5031825930314586,Blood|Blood&Skin,7.845807502637805,3.6189933266497696,3.4898185729343534,-2.872846835873248,0.40758458910825207,0.5350037151883809,0.5227686349153631,1.6866910227883671,-1.0842508961739659,-0.08284291575901426,0.03043452096385435,-0.05082202196611557,-0.05457810183456202,-0.2276305595605208,0.00036792561121305306,0.820314501737838,0.9764587990474115,False,-2.8889430841876824,-2.6956917702116283
Lemuridae,Lemuridae,Primates,2,52,2328.465385,34.63358974,2.014365999,0.330593607,38.46226668518829,0.05966812700712194,0.03375696513169444,1.769509207415992,Blood|Skin,7.7529646965185055,3.5448240128745363,3.649677674596308,-2.818957287129302,0.5707022241896693,0.6625011816988363,0.4607373671095605,1.5852424597946275,-1.0442690554409872,0.12293985769923221,0.23111449437662301,0.11095137444629116,0.07256419674252623,0.33868708231473,0.0009990513767048172,0.7354276834727591,0.9764587990474115,False,-3.0513923388417683,-2.8373216609895304
Leptonycteris yerbabuenae,Lesser long-nosed bat,Chiroptera,1,11,25.0,10.1,1.0,0.410958904,4.8000000025,0.487978387,0.3612298944814814,1.3508804073385359,Skin,3.2188758248682006,2.312535423847214,1.5686159184346786,-0.7174841630441999,0.3007565334746995,0.6761626877757746,-0.17877530901763583,0.8362937859603493,0.3780046049650314,0.15130173492040178,0.08192450511342597,-0.2246418106170373,0.06888065432773638,0.416281649719031,0.0013256361260325796,0.6779353370738475,0.9764587990474115,False,-0.9639405233744893,-0.7707288662327159
Litocranius walleri,Gerenuk,Artiodactyla,1,7,43500.0,17.3,0.983561644,0.55890411,6.491444227000001,0.370825673,0.2219517113888889,1.6707493295704496,Blood,10.680516217076775,2.8507065015037334,1.870485037084428,-0.9920232109018635,0.5132722261343545,0.6948971022385886,-0.6161212140297843,0.5400350608509351,1.2212076870073565,0.2909226455393831,0.3107404994810973,0.09590837570676758,0.11615939557689059,0.8017424939894291,0.004778121990162221,0.4242607781308648,0.9764587990474115,False,-1.403120977386501,-1.1761813290872571
Lorisidae,Lorisidae,Primates,2,10,599.4428571,23.65714286,1.132876712,0.499412916,17.14586573989048,0.11980862623088977,0.06901301232592819,1.7666633463185923,Blood|Skin,6.39600065232656,3.163665093016619,2.8417570798217584,-2.121859590626851,0.5690926524458941,0.5930029912687385,0.25698467435449945,1.2930253101599762,-0.5504424630427467,0.021927605400726247,0.14491186488185726,0.08969479269814584,-0.002125027170661209,0.06003515513098071,1.7229850225805146e-05,0.9522258678590078,0.9764587990474115,False,-2.2239289173569743,-2.0718646233863254
Loxodonta africana,Savanna elephant,Proboscidea,1,57,4800000.0,65.0,10.50410959,1.835616438,47.254794535,0.057913729,0.02726941283333335,2.1237614962214337,Blood,15.38412647587812,4.174387269895637,3.855554120432065,-2.848800806793923,0.7531888071601287,0.7900176347863406,0.09262082157267404,1.0970456803377646,0.0690235950292406,0.4179439307402384,0.2868046360441858,0.4039268922310301,0.22927347662679276,1.1633974029741532,0.01661101724411074,0.24693867568281055,0.9764587990474115,False,-3.4295086492248785,-3.1154704653384675
Macaca mulatta,Rhesus macaque,Primates,7,277,8235.0,42.0,4.435616438,0.452054795,37.5248014340361,0.05575195668184448,0.04446723438450563,1.3121315338635384,Adipose|Blood|Cortex|Liver|Lung|Muscle|Skin,9.016148642611741,3.7376696182833684,3.6250020859408645,-2.8868427718256213,0.2716529399659143,0.6039317942935118,0.48843733069208684,1.629767441465268,-0.9229315489253418,0.05243085728580299,0.16890170672489813,-0.16980870916638052,0.018827089298883437,0.14400946762140293,0.00014350236175319432,0.8857306043950601,0.9764587990474115,False,-3.036639057820592,-2.8432249883058978
Macropus fuliginosus,Western grey kangaroo,Diprotodontia,1,5,28250.0,23.2,2.123287671,0.082191781,3.3698630112000005,0.33057782,0.37323704031481464,0.8857047513857875,Blood,10.248848736574587,3.1441522786722644,1.2148720940425084,-1.106913185984998,-0.12137162162663921,0.3215846680342927,-0.2662402649739306,0.7662550011444735,1.0416545944723414,-0.46045661223551604,-0.31000641505189397,-0.544985435230692,-0.2588043722455942,-1.2850893981173392,0.02181801766656808,0.2011954067345683,0.9764587990474115,False,-0.7988495531356019,-0.5097943299958564
Macropus giganteus,Eastern grey kangaroo,Diprotodontia,1,12,49500.0,25.0,2.642465753,0.098630137,11.479999999999999,0.09439033,0.08816159225925928,1.070651375288501,Blood,10.809727948556782,3.2188758248682006,2.4406063908914204,-2.3603166475183306,0.06826722520529412,0.3128086611734422,-0.2648447227763886,0.7673250888352424,-0.12773003312304976,-0.5279837855988954,-0.4090074842436142,-0.34722581354387333,-0.2654347491011174,-1.4574469095755094,0.009377931414244759,0.1475623022900716,0.9764587990474115,False,-1.9325707206074607,-1.7436915631028542
Macropus rufogriseus,Red-necked wallaby,Diprotodontia,1,5,16200.0,15.2,1.373972603,0.079452055,7.6299999968,0.22532122399999996,0.18774800109259251,1.2001258212537629,Blood,9.692766521220475,2.7212954278522306,2.0320878448769686,-1.4902282326962797,0.18242640234227042,0.4962905622878518,-0.6163962596384742,0.5398865470038865,0.5750392964599604,-0.0686364829436763,0.055237919193147134,-0.24923873207243835,-0.08622575720153908,-0.1879535361206035,0.00017019693196053734,0.8512253345215245,0.9764587990474115,False,-1.5200103722677758,-1.3313522455226021
Macropus rufus,Red kangaroo,Diprotodontia,1,37,55000.0,25.0,1.812328767,0.090410959,11.110000000000001,0.134640493,0.0927299256851852,1.451963775503279,Blood,10.915088464214607,3.2188758248682006,2.4078456036515385,-2.0051470674901286,0.3729169680909013,0.4318163966938122,-0.2786193040915461,0.7568279696901685,0.243222388343304,-0.20250303615059861,-0.081961920975826,-0.04105059243056003,-0.14602395944905078,-0.5551005980904332,0.001461834425968795,0.5798422191610715,0.9764587990474115,False,-1.904913803022089,-1.7121463618000825
Marmota flaviventris,Yellow-bellied marmot,Rodentia,1,153,3500.0,21.2,2.0,0.082191781,12.029999996,0.218685507,0.10955240905555556,1.9961725067050005,Blood,8.160518247477505,3.054001181677967,2.4874035296540855,-1.520120622356747,0.691231600359653,0.7594426897984173,-0.08336803861613928,0.9200124847817899,0.31561849762858185,0.3129595939253287,0.2437086780793971,0.2373815766015177,0.17106479119980078,0.8567719088402009,0.0019654174348650018,0.39325074728043463,0.9764587990474115,False,-1.9000815428393585,-1.7728594220223681
Megaptera novaeangliae,Humpback whale,Artiodactyla,1,91,30000000.0,95.0,7.96,0.936986301,43.30000003,0.047521276000000015,0.02548978527777777,1.864326257837467,Skin,17.216707939626428,4.553876891600541,3.7681526357012847,-3.0465777524364,0.6228997319759402,0.5939985256881135,0.23252313458376772,1.2617796367680343,0.14576450348278192,0.1668295615101978,0.1719970194847087,0.3001711260952229,0.04026486407010943,0.4655913215457792,0.0037807044095359917,0.6423381457629269,0.9764587990474115,False,-3.399954024613574,-3.0334069893755995
Microtus ochrogaster,Prairie vole,Rodentia,3,141,40.0,5.3,0.128767123,0.063013699,1.0438000041,1.9884942285857516,0.7947454113661406,2.578666174235801,Brain|Liver|Skin,3.6888794541139363,1.667706820558076,0.0428679041551313,0.6873776832654958,0.9472722785194996,0.5991713045831352,-0.8850510604062563,0.4126931004636922,1.8532722642059447,0.0995064608022308,0.07286555473805045,0.42867895335616035,-0.00631274122696146,0.2788088233749134,0.0016076490646901127,0.7808635864262791,0.9764587990474115,False,0.42447530904763653,0.7533655540186184
Mirza zaza,Northern giant mouse lemur,Primates,1,3,302.0,20.0,1.1,0.245205479,5.210000000000001,0.09988510399999999,0.20960737937037036,0.47653429139775566,Blood&Skin,5.71042701737487,2.995732273553991,1.6505798557652758,-2.303734713554607,-0.7412155933193137,0.15022694183273996,0.1786821089126378,1.195640600258394,-0.8350154506028347,-1.314733164901627,-1.1620071319864624,-1.2305396350630258,-0.44752372214350367,-3.808259633439155,0.06379732807399388,0.00022046969093529766,0.027779181057847505,True,-1.0671331838668499,-0.9111422071330576
Molossus molossus,Pallas's mastiff bat,Chiroptera,1,14,14.0,6.0,1.166667123,0.295890411,5.5999999979999995,0.574938873,0.35181537509259286,1.634206216395984,Skin,2.6390573296152584,1.791759469228055,1.7227665973839605,-0.553491551661951,0.49115719189954377,0.929435116331623,-0.6237471831325587,0.5359324333004191,0.45514130722089563,0.4535888432457933,0.37634322368388107,-0.042636142336340166,0.319935001103264,1.2568339572068594,0.013396971697849832,0.21121475597348885,0.9764587990474115,False,-1.1109846974337856,-0.9066482016893026
Monodelphis domestica,Opossum,Didelphimorphia,2,93,105.0,5.1,0.334246575,0.04109589,2.7239063207612904,0.7918903031806679,0.5452590456042556,1.4526000609026988,Liver|Skin,4.653960350157523,1.62924053973028,1.0020669973733245,-0.23333240284558007,0.3733550961166122,0.6226823695810143,-1.0496897047163072,0.35004634999258993,1.077129795879818,0.11557744829230185,,-0.13126515872054467,0.020890217647321463,0.3186150064735022,0.0009343074654105569,0.7505632852375578,0.9764587990474115,False,-0.45849932982214037,-0.2383186452471263
Mus musculus,Mouse,Rodentia,18,2091,20.5,4.0,0.115068493,0.052054795,2.3737080926848395,0.8290204552164259,0.4463000109745036,2.083192211497257,Aorta|Blood|Cerebellum|Cortex|Fibroblast|Heart|HematopoieticStem.Progenitor.LSK|Hippocampus|Kidney|Liver|Lung|MacrophagePeritoneal|Muscle|SVZ|Skin|Striatum|Tail|WholeBrain,3.0204248861443626,1.3862943611198906,0.8644533285113557,-0.18751044958379237,0.7339014343045293,0.5680701036451107,-1.0790713716141844,0.33991103016030044,0.87825067634268,0.0020741320113708273,-0.051942416509879796,0.20562978815650568,-0.039971099120696296,0.005732311431796232,3.697940570388763e-07,0.995435665094384,0.995435665094384,False,-0.3085143981314612,-0.06534501305753863
Myotis lucifugus,Little brown bat,Chiroptera,1,11,10.0,34.0,0.769,0.150684932,4.900000032,0.36590624299999996,0.3315224086666667,1.103714962954148,Skin,2.302585092994046,3.5263605246161616,1.5892352116471933,-1.0053781450637225,0.09868172878929166,0.5175773697209229,1.1548434460982175,3.1735265506714745,-0.04714830410250048,-0.13207833069893582,-0.2075508109969595,-0.4399832698266359,-0.09320991199788708,-0.3642261674186631,0.0012398360346074352,0.716319628142881,0.9764587990474115,False,-0.9828774281658798,-0.7666819134568894
Myotis myotis,Greater mouse-eared bat,Chiroptera,1,38,28.55,37.1,1.375342466,0.178082192,7.999999993300001,0.230531605,0.10660520440740741,2.1624798365283344,Skin,3.351656936102019,3.6136169696133895,2.079441540842336,-1.4673673109773697,0.7712556356316801,0.5323899363679895,1.1049467524826588,3.0190637068794337,-0.3519881389443864,-0.10605007269407118,-0.18915111258832984,0.24777978302523218,-0.07438414611606647,-0.29158605346758026,0.0006333099061999592,0.7710983437386495,0.9764587990474115,False,-1.4573141446623674,-1.269034102077631
Myotis vivesi,Fish-eating bat,Chiroptera,1,17,25.0,10.0,1.065753425,0.164383562,1.9,1.081279638,0.6256416081296299,1.7282732221607042,Skin,3.2188758248682006,2.302585092994046,0.6418538861723947,0.07814518975533313,0.5471227725593893,0.5930632355651332,-0.1887256398708037,0.8280136494656926,1.1736339577645645,0.05737588400054469,0.0143453475660099,0.021724428467652546,-0.014218797882905032,0.1589938353454422,0.0003295182320318365,0.873936633830893,0.9764587990474115,False,-0.1093340143488584,0.15559789365518956
Nanger dama,Dama gazelle,Artiodactyla,1,8,56900.0,19.3,1.5,0.569863014,3.4743326355,0.651598473,0.5309804167962964,1.2271610258838925,Blood,10.949050620114422,2.9601050959108397,1.2454024132351746,-0.42832674571923973,0.20470339255735268,0.6535229307630572,-0.5418301639191783,0.5816827029110426,1.8251301882659268,0.25910910451892327,0.2983118064522872,-0.20877244173187018,0.0758124960349793,0.7213882119592263,0.007721894159835811,0.4720509235127742,0.9764587990474115,False,-0.8506149137401474,-0.5397203958764342
Nycticebus coucang,Slow loris,Primates,1,3,890.5,25.8,1.583561644,0.515068493,14.759999993400003,0.126781987,0.06014024742592598,2.1081055104762565,Blood&Skin,6.791783102729716,3.250374491927572,2.691920818725172,-2.0652863054298773,0.7457896818346272,0.5401983934610489,0.2919504242129394,1.3390366321988079,-0.4345815821111143,-0.058720884377847504,0.07090262039282313,0.272122218404974,-0.05341556868418751,-0.16053565110612883,9.592194830994082e-05,0.8727246548687771,0.9764587990474115,False,-2.0765456643683713,-1.9417333199250808
Nycticebus pygmaeus,Pygmy slow loris,Primates,2,7,419.0,20.0,0.747945205,0.515068493,19.19,0.10277320582351938,0.08786635034773425,1.1818886785705023,Blood|Blood&Skin,6.037870919922137,2.995732273553991,2.9543893100196086,-2.2752306036746393,0.1671137339822275,0.5693302445675831,0.13587287782992474,1.145536261283076,-0.7574607532088773,-0.02930423450280495,0.08832482576270806,-0.3174693614875196,-0.027167790594189167,-0.0803689800113553,3.8377545549828344e-05,0.9360754867702996,0.9764587990474115,False,-2.3342927966057543,-2.166428534719168
Nycticeius humeralis,Evening bat,Chiroptera,1,24,9.75,6.0,0.833334247,0.150684932,3.0,0.515378244,0.33908987188888884,1.5198868699000139,Muscle,2.277267285009756,1.791759469228055,1.0986122886681098,-0.662854193529091,0.4186359043909472,0.446330651861815,-0.5764476197494646,0.5618908754443352,0.29158307915849657,-0.26090233459954887,-0.32257923441095837,-0.12039566195305318,-0.16455348252566193,-0.7220773359503574,0.005582479459474961,0.471628691165884,0.9764587990474115,False,-0.516363301161781,-0.28043799389071467
Odobenus rosmarus divergens,Pacific walrus,Carnivora,1,11,1012500.0,41.0,6.0,0.906849315,40.697261207000004,0.061745578,0.035596836277777766,1.7345804980580881,Blood,13.82793307796283,3.713572066704308,3.7061607979730247,-2.784732917374297,0.5507655963006513,0.7254047933415675,-0.16474138627350143,0.8481130093948638,-0.10002386709480149,0.31266936210189655,0.09758826140041776,0.17897209891110277,0.15870745457320568,0.8638988395328222,0.006644957795417948,0.3893387621377845,0.9764587990474115,False,-3.236308669840884,-2.967309825852923
Orcinus orca,Killer whale,Artiodactyla,2,219,3987500.0,80.0,10.50719178,1.457534247,72.26116845589041,0.01117428083664019,0.010310686856594085,1.2455675268749284,Blood|Skin,15.198675026075238,4.382026634673881,4.2802868957505416,-4.494140495216425,0.21959127093041772,0.23309552652305057,0.3245056644541169,1.3833466395141356,-1.604096432246386,-0.8228068648561018,-0.8443318877769048,-0.13235573098031259,-0.32835807172043663,-2.3338968823151194,0.07380047392797859,0.021236723732064033,0.4459711983733447,False,-3.840151204103189,-3.5153669951553623
Oreamnos americanus,Mountain goat,Artiodactyla,1,18,90000.0,20.8,2.498630137,0.504109589,10.0000000048,0.22637387,0.10866867581481483,2.083156607022338,Skin,11.407564949312402,3.0349529867072724,2.302585093474046,-1.4855673545083015,0.733884342852771,0.6534850742236596,-0.5269273376686887,0.5904163354292339,0.8365743131237138,0.2242532713282699,0.23615833601190217,0.32704717791625326,0.07752867509109407,0.616054507637223,0.002283432118737171,0.5390062627975646,0.9764587990474115,False,-1.8234791788706664,-1.606883705488468
Oryctolagus cuniculus,European rabbit,Lagomorpha,1,5,1800.0,9.0,2.0,0.082191781,3.500000001,0.481122009,0.4359015119074072,1.1037401703304905,Blood,7.495541943884256,2.1972245773362196,1.2527629687810824,-0.7316343840772075,0.09870456719353689,0.4861078626049942,-0.8532072346763488,0.4260463078802562,1.0044923194899484,-0.09471479902876201,,-0.3647734169702447,-0.10481388693218524,-0.26064564190737644,0.000549893488211175,0.7948052201318198,0.9764587990474115,False,-0.7474010434843461,-0.5314409461446239
Otolemur crassicaudatus,Greater galago,Primates,2,7,1094.5,22.7,1.553424658,0.356164384,7.6100000057,0.1503694828323041,0.14112604697728823,1.105885140184456,Blood|Blood&Skin,6.9980529169629175,3.122364924487357,2.029463172622609,-1.8946597947548527,0.10064604615607262,0.3303343528406961,0.13697363559619724,1.1467979134785644,-0.2330561739582857,-0.520517057469922,-0.37082053636459333,-0.3700349084407304,-0.262490529065592,-1.4340609183176176,0.006800625220942354,0.15411303827517037,0.9764587990474115,False,-1.4422590750143847,-1.3112879905465742
Ovis aries,Sheep,Artiodactyla,2,430,80000.0,22.8,2.002739726,0.4,7.082571975343256,0.3637381163362424,0.22707579666906486,1.6092245772938616,Blood|Skin,11.289781913656018,3.126760535960395,1.9576371150914067,-1.0113211308961068,0.47575243396584205,0.7436852827496429,-0.41972111660701206,0.6572300848151135,1.2931768211156645,0.36543635571177324,0.3864397089401377,0.0672099294591339,0.16727830743235872,1.0094822585055028,0.008134952598766062,0.31474135550981497,0.9764587990474115,False,-1.503110547055719,-1.2631561003567477
Panthera leo nubica,Lion,Carnivora,1,7,175000.0,27.0,3.0,0.298630137,11.585995893,0.210088974,0.10704971605555552,1.9625364899704194,Blood,12.072541252905651,3.295836866004329,2.4497971181948253,-1.560224152279831,0.6742377641170677,0.7026612554585207,-0.3529808666531702,0.7025906361589594,0.8615299317703571,0.30198569494326843,0.11206740571666196,0.27702855958619615,0.12924870726451787,0.8313299588153004,0.004531717386543946,0.40741137223268475,0.9764587990474115,False,-1.9811833191499655,-1.7525648299990013
Panthera tigris,Tiger,Carnivora,1,8,161914.66,26.3,3.675342466,0.287671233,12.1655578357,0.166115388,0.15197684953703697,1.0930308695438344,Blood,11.994824685288398,3.269568939183719,2.4986088309753454,-1.7950726236678314,0.08895445174510522,0.5833796420066572,-0.3690883156752909,0.691364349444633,0.6150396393817452,0.11269349648074845,-0.07907970907732764,-0.30937998391330934,0.009669790942752554,0.30930942680110385,0.0005947641143432377,0.7576137980170828,0.9764587990474115,False,-2.024219826756364,-1.8029579301076575
Papio hamadryas,Olive baboon,Primates,5,281,18000.0,37.5,4.487671233,0.468493151,18.615020718416368,0.07571828262813728,0.05421910069526037,1.6216812048263727,Adipose|Cerebellum|Cortex|Heart|Liver,9.798127036878302,3.624340932976365,2.923968820319837,-2.5807356334563676,0.4834633918791328,0.4068868516230379,0.2728746641705029,1.313735576367322,-0.49968526286197523,-0.3013126574219447,-0.1602107675571176,0.053323735692130225,-0.17522641373465625,-0.8253818028633232,0.0021992740270239835,0.4107658982165191,0.9764587990474115,False,-2.3594684524152534,-2.2092297538181676
Peromyscus californicus,California mouse,Rodentia,1,16,42.0,5.5,0.126027397,0.082191781,2.6670000005,0.967916601,0.5185282758518519,1.8666611756319,Tail,3.7376696182833684,1.7047480922384253,0.9809542453873538,-0.03260935140893623,0.6241513674428995,0.7451956848120069,-0.8543884978612564,0.42554333219350926,1.1405939202684523,0.28075779244813437,0.22774160099795016,0.10626445808155194,0.13989828460754217,0.7762117672177529,0.005871882101119016,0.43912617918374985,0.9764587990474115,False,-0.4251350539673118,-0.19622172642520702
Peromyscus eremicus,Cactus mouse,Rodentia,1,17,25.0,7.4,0.353424658,0.071232877,2.4999999938,0.681636988,0.2414129267777778,2.8235314367712028,Tail,3.2188758248682006,2.0014800002101243,0.916290729394155,-0.38325803850747564,1.0379883840412187,0.49192912191927296,-0.4898307326547253,0.6127301006046124,0.7122307295017557,-0.14060835051657644,-0.19490541349942056,0.5125900399494819,-0.11535291152876526,-0.38852194053984185,0.001610547368689367,0.6983070040523749,0.9764587990474115,False,-0.3583547842401755,-0.12305657864652962
Peromyscus leucopus,White-footed mouse,Rodentia,3,31,23.0,7.9,0.2,0.071232877,2.6516774224903226,0.7280112967698793,0.38399856494094387,1.970859998071025,Brain|Liver|Tail,3.1354942159291497,2.066862759472976,0.9751924293636928,-0.3174387133648039,0.6784699947350464,0.5572732365952331,-0.41354686166753796,0.6613005440080764,0.765559619261433,-0.019642304025561885,-0.07611518940901818,0.151864397354604,-0.05032777120273657,-0.05421529136775611,3.0405210900898824e-05,0.9568523182844212,0.9764587990474115,False,-0.41120323826169375,-0.17939110497715033
Peromyscus maniculatus,Eastern deer mouse,Rodentia,3,50,20.5,8.3,0.134246575,0.065753425,2.2901666685,0.5886192764094368,0.4656517661102883,1.5988368418870078,Brain|Liver|Tail,3.0204248861443626,2.1162555148025524,0.8286245959221062,-0.5299756941277248,0.46927639105151125,0.38914454511920377,-0.34911021793152264,0.7053153875826236,0.5357854317987475,-0.37478142461692343,-0.427779406776378,-0.05899525509651232,-0.2188966576466032,-1.040794179762803,0.012382234885689819,0.3000292799840468,0.9764587990474115,False,-0.2757899803532953,-0.02898430605016111
Peromyscus polionotus,Oldfield mouse,Rodentia,1,16,14.0,5.5,0.076712329,0.065753425,1.826999999,1.251784746,0.678779116277778,1.8441709769511088,Tail,2.6390573296152584,1.7047480922384253,0.6026752768485243,0.2245703297815582,0.6120298415254262,0.6602031302131042,-0.7107585601221884,0.4912713971920509,1.2332031886644048,0.1565278472544257,0.10766040458555745,0.07823650728954223,0.050703014984745165,0.43453870260732125,0.002608310398363149,0.6646649030583394,0.9764587990474115,False,-0.06504764817340432,0.20857069193697672
Phoca vitulina,Harbor seal,Carnivora,2,68,115000.0,48.0,3.5,0.693150685,44.838411533647054,0.06520075698747949,0.039702614673069944,1.642627458761376,Blood|Skin,11.652687407345388,3.871201010907891,3.8030651723678868,-2.7302841998795127,0.4962970688294154,0.8439412866338976,0.2772739638173971,1.3195278244000606,-0.3714235691339436,0.4238635430604458,0.19294921165587997,0.09300894662979464,0.2689225975995123,1.1715558502052896,0.010123657404841257,0.2436583678710426,0.9764587990474115,False,-3.268008824311629,-3.04417663202935
Phyllostomus discolor,Pale spear-nosed bat,Chiroptera,1,50,43.4,18.0,2.0,0.287671233,17.699999994000002,0.170318869,0.1002343595925926,1.6992064367176016,Skin,3.770459441106359,2.8903717578961645,2.8735646392408007,-1.7700828988604826,0.5301613401454086,0.8702527567622194,0.3269483049431181,1.386729788252053,-0.5919677627036044,0.3604584920076006,0.25729951023117326,0.012749183213797255,0.26508079324040457,0.9991751041473003,0.010389863075091096,0.31968753941614975,0.9764587990474115,False,-2.245595139809945,-2.0214773730050037
Phyllostomus hastatus,Greater spear-nosed bat,Chiroptera,1,71,81.0,22.0,2.0,0.328767123,16.5,0.17193180300000002,0.1076531528148148,1.5970902709719752,Skin,4.394449154672439,3.091042453358316,2.803360380906535,-1.7606573749793337,0.4681833929778801,0.8189352001405387,0.4460400806773923,1.5621140758693484,-0.48906954986717976,0.31290221142677566,0.2154907002027806,-0.040194234116680716,0.21615029433782063,0.8637448195996513,0.006171441673597347,0.3894230497542063,0.9764587990474115,False,-2.17480939829781,-1.9790529337807494
Propithecus coquereli,Coquerel's sifaka,Primates,2,7,4189.27,30.59,3.813726027,0.386273973,28.42000000315,0.059283353115755694,0.05023534662109386,1.1809509910708573,Blood|Blood&Skin,8.340281773393684,3.420673158162812,3.347093122779792,-2.8254267355630236,0.16632003853101462,0.4863693629465081,0.2598020853030496,1.296673430539551,-0.9627593188795998,-0.16417374176724264,-0.043865840539809575,-0.28492725171534283,-0.10132085458490314,-0.4503003460198603,0.0011045124997118296,0.6532930659430779,0.9764587990474115,False,-2.7475360234796486,-2.5777280191762877
Propithecus diadema,Diademed sifaka,Primates,1,3,5550.0,21.0,2.875342466,0.430136986,4.459999991999999,0.355914989,0.3623166002592592,0.9823314436747351,Blood&Skin,8.62155320674048,3.044522437723423,1.4951487642382506,-1.033063371589979,-0.01782650855735934,0.4582373799763826,-0.15312138825050292,0.8580255612678195,0.87173806850703,-0.14471478265935434,0.029932701304071996,-0.46500136763756994,-0.12837684041671893,-0.3978737722451281,0.001140035394869251,0.6914185818006682,0.9764587990474115,False,-0.9988396292624915,-0.7880810796326294
Propithecus tattersalli,Golden-crowned sifaka,Primates,2,6,3545.0,26.0,4.498630137,0.404109589,21.910000008,0.075248603,0.0577254552037037,1.3035601492350293,Blood|Blood&Skin,8.173293438966228,3.258096538021482,3.086943153972505,-2.586957940309533,0.2650990977341862,0.47593779729998664,0.11905711980854994,1.1264342581599651,-0.7493051165011952,-0.17819488592042187,-0.05149523818837265,-0.18856595847373214,-0.11239123010926078,-0.48785880385184743,0.0009745651154429793,0.6265254568235293,0.9764587990474115,False,-2.4864761347299993,-2.335289540009723
Pteropus hypomelanus,Variable flying fox,Chiroptera,1,40,450.0,26.5,1.0,0.534246575,18.8999999955,0.13531822999999998,0.05091697529629629,2.6576250692928154,Skin,6.1092475827643655,3.2771447329921766,2.9391619218275014,-2.000126015261589,0.9774328928896027,0.7382908559076333,0.40795372342599645,1.5037375717369237,-0.4716640516736601,0.23237438458584414,0.14141218944572298,0.4938832352732328,0.14206587046174046,0.6381531970668832,0.002326386104493824,0.524570003561439,0.9764587990474115,False,-2.320926941056967,-2.154652060303995
Pteropus poliocephalus,Grey-headed flying fox,Chiroptera,1,16,675.0,23.6,1.479452055,0.520547945,10.600000014799999,0.202492927,0.08727316107407405,2.3202199222293767,Skin,6.51471269087253,3.1612467120315646,2.3608540025142477,-1.5970503214406155,0.8416619752499317,0.6196195342010888,0.23904616594951023,1.2700371677022058,-0.007850315047757794,0.08711999088733591,0.015036173663482089,0.3639829057818041,0.024945645824733576,0.23806348619743403,0.00018794969763669676,0.8122312276415218,0.9764587990474115,False,-1.748995676149507,-1.6233641352456087
Pteropus pumilus,Little golden-mantled flying fox,Chiroptera,1,46,200.0,17.3,0.75,0.328767123,16.4999999925,0.15455680000000002,0.06310601333333335,2.4491612104160794,Skin,5.298317366548036,2.8507065015037334,2.8033603804519895,-1.8671936126660058,0.8957456028415334,0.7361756328673439,0.08753456496930134,1.0914799907633173,-0.4602077346879341,0.22143642068348335,0.12945929040994075,0.400454768928679,0.13684845328237583,0.6085941629491916,0.0023535288647392617,0.5439249532318557,0.9764587990474115,False,-2.1792432725999027,-2.0061097017342577
Pteropus rodricensis,Rodriguez flying fox,Chiroptera,1,19,350.0,28.0,1.50000274,0.542465753,16.899999984,0.14385985700000004,0.06618448825925925,2.1736189367585528,Skin,5.857933154483459,3.332204510175204,2.8273136209822822,-1.9389156685653866,0.776393491255536,0.7018361038758276,0.4958697466743911,1.6419256776097921,-0.4481002156072942,0.182036582117169,0.09274310245866135,0.2892051395206217,0.10464972109772575,0.4994331872028461,0.001372753265313732,0.6183737264607421,0.9764587990474115,False,-2.205964411217777,-2.0446484921815014
Pteropus vampyrus,Large flying fox,Chiroptera,1,51,872.0,24.0,2.0,0.454794521,21.799999992,0.148289823,0.055343920833333324,2.679423878307622,Skin,6.77078942390898,3.1780538303479458,3.0819099694280707,-1.908586656602993,0.985601800632497,0.9332053442332777,0.22237442588989476,1.249038962846036,-0.281026753732027,0.4719609395930857,0.38091802237640415,0.5116303770355977,0.3395110712720266,1.302649529863329,0.009352864603624427,0.19514801562201217,0.9764587990474115,False,-2.467640255333802,-2.3032170107932495
Rattus norvegicus,Brown rat,Rodentia,11,458,300.0,3.8,0.219178082,0.057534247,2.0329779213362444,0.836648813774679,0.36186082577629464,2.407619218396669,Adipose|Blood|Brain|Cerebellum|Heart|Liver|Muscle|Neocortex|Ovaries|Skin|Substantia nigra,5.703782474656201,1.33500106673234,0.709501674447663,-0.17835087386999154,0.8786383830473373,0.49100423581207325,-1.4811804063179659,0.22736914194637484,1.289373046913009,-0.09275671212470991,-0.12623486619776875,0.3892181372827252,-0.10677184670335721,-0.2568516339137713,0.0008187687782594812,0.7977259727969073,0.9764587990474115,False,-0.21770878212454237,0.04477606598880887
Rhinolophus ferrumequinum,Greater horseshoe bat,Chiroptera,1,40,22.875,30.5,2.0,0.219178082,21.1000000095,0.13770894,0.08320933368518517,1.6549698681761957,Skin,3.130044611161585,3.417726683613366,3.049273040932258,-1.9826129516077065,0.5037828021232221,0.8387913976341852,0.9380295307399029,2.554942020258088,-0.9004309613029746,0.30590483878832586,0.19390028100882395,-0.022901698187512753,0.23116954250356947,0.851497591390581,0.010214932391815772,0.39616129320516436,0.9764587990474115,False,-2.423352359461782,-2.158663797522605
Rhynchonycteris naso,Proboscis bat,Chiroptera,1,22,3.9,8.5,1.5,0.405479452,5.8999999995,0.172396249,0.183520972111111,0.9393817339613062,Skin,1.3609765531356006,2.1400661634962708,1.774952350826928,-1.7579596785298464,-0.06253334994564204,0.2936224112390405,-0.10834727113434361,0.8973159303962451,-0.9407813328902683,-0.7220984360819931,-0.8085119133227124,-0.6148315708138331,-0.32076697141920824,-2.0308252367165207,0.04721691211637738,0.04444620953128726,0.5600222400942194,False,-1.1591960430391628,-0.9154387878537859
Rousettus aegyptiacus,Egyptian fruit bat,Chiroptera,1,16,125.0,22.9,1.0,0.317808219,9.0000000129,0.23190818900000001,0.1252587211666667,1.8514334717774077,Skin,4.8283137373023015,3.131136910560194,2.1972245787695526,-1.461413722709371,0.6159601886586655,0.6025151499225339,0.42941212212524515,1.5363540694487445,-0.12483365766251686,0.037578615143303296,-0.039992658162885775,0.11386433581741351,0.0013899826996242037,0.10292380511502092,5.310281775319657e-05,0.9181924335947501,0.9764587990474115,False,-1.5762381287147855,-1.4256241391911642
Saccopteryx bilineata,Greater sac-winged bat,Chiroptera,1,29,7.9,11.0,1.0,0.350684932,8.100000007,0.176644765,0.13095357698148152,1.3489113399703456,Skin,2.066862759472976,2.3978952727983707,2.091864062542591,-1.7336145404873184,0.2992978522862016,0.41304290598288784,0.057195967244157764,1.0588632925863675,-0.8106955386024419,-0.3817952414809682,-0.47297408314610556,-0.24278008793622202,-0.19864612588269825,-1.0591559470539509,0.011885189329163147,0.2916212625766451,0.9764587990474115,False,-1.4693103247925576,-1.2384342475883934
Sarcophilus harrisii,Tasmanian devil,Dasyuromorphia,1,41,8202.25,13.0,2.0,0.071232877,7.500000001,0.11582390900000002,0.13299135766666662,0.8709130505329856,Skin,9.012163785858128,2.5649493574615367,2.014903020675598,-2.155684267106477,-0.1382131342849304,0.25076611893247824,-0.6837619595076938,0.5047147001709944,-0.1923699695525034,-0.761935299992603,,-0.5797324787709373,-0.3343538300363158,-2.1223298306017697,0.01813739034974621,0.03583183217983458,0.5016456505176841,False,-1.4835570479469884,-1.3111253975775061
Sorex cinereus,Cinereus shrew,Eulipotyphla,2,44,4.3,1.9,0.421917808,0.052054795,1.104166667375,1.2553085634976524,0.804479885740493,1.5604048374714283,Liver|Tail,1.4586150226995167,0.6418538861723947,0.09909090328574026,0.2273814096921356,0.4449452987938724,0.4001239071704837,-1.6193245679733432,0.1980324113547012,1.0591858462707122,-0.3437098276080224,,-0.10593924866377818,-0.21389196185863585,-0.9661654310052105,0.018999880990358736,0.3358727462416171,0.9764587990474115,False,0.4129505001766883,0.7392800245190226
Steno bredanensis,Rough-toothed dolphin,Artiodactyla,2,12,114000.0,32.0,10.0,1.030136986,19.238877472,0.07274107518813729,0.056902592325431274,1.3273856513266657,Blood|Skin,11.643953727376633,3.4657359027997265,2.9569331000843717,-2.6208490582823667,0.2832113320635081,0.40398833181181415,-0.12704932390237023,0.8806902324468032,-0.26329671921758324,-0.279009239025513,-0.2842852209563418,-0.12020324204797828,-0.17106376770632148,-0.7655936262035085,0.0027254636786351997,0.44539675250488264,0.9764587990474115,False,-2.4432927155171864,-2.246674555597677
Sus scrofa domesticus,Pig,Artiodactyla,6,176,350000.0,23.0,0.458334,0.315068493,5.190784561011364,0.5157050271720127,0.31123221336935647,1.687636426816097,Bladder|Blood|FrontalCortex|Kidney|Liver|Lung,12.765688433465597,3.1354942159291497,1.6468848535780187,-0.662220329723731,0.523328986017375,0.7727584206486907,-0.6039439179515433,0.5466514306669743,1.8633661243160708,0.440868906387498,0.4795802414875725,0.1361556182127976,0.2019974904090447,1.2332826835877022,0.02311654973541203,0.2198412411400006,0.9764587990474115,False,-1.273098527103759,-0.9509425407377348
Sus scrofa minusculus,Winsconsin miniature pig,Artiodactyla,1,60,100000.0,23.0,0.458334,0.315068493,5.128767125,0.729842295,0.29393793457407413,2.482980960104948,Blood,11.512925464970229,3.1354942159291497,1.6348653037889134,-0.31492680242503485,0.9094598383955211,1.0805662145340096,-0.440160689761969,0.6439329393383892,2.022997706645133,0.7557377670381256,0.7872587412477268,0.5041481516867096,0.5050128695331406,2.128279287597973,0.050884065848013325,0.035325401797167755,0.5016456505176841,False,-1.2211615072184372,-0.9366245660751104
Tachyglossus aculeatus,Short-beaked echidna,Monotremata,1,5,3500.0,49.5,1.501369863,0.091780822,9.983333349,0.181028395,0.12122093324074076,1.4933756914780025,Blood,8.160518247477505,3.901972669574645,2.300917037462631,-1.7091013815674103,0.4010391221855295,0.5217129904682594,0.7646034492805387,2.14814235833484,0.12663773841791848,-0.055020761489481984,,-0.05281090157260582,-0.06666490813035719,-0.15022151363728414,6.397912576234604e-05,0.8808379303128151,0.9764587990474115,False,-1.7236158439936586,-1.5914927490090478
Tadarida brasiliensis,Mexican free-tailed bat,Chiroptera,1,19,12.5,12.0,1.123287671,0.21369863,5.999999999999999,0.306959982,0.17421369920370372,1.7619738482280853,Skin,2.5257286443082556,2.4849066497880004,1.791759469228055,-1.181037891683004,0.566434685308545,0.531670284714428,0.08421631814634489,1.0878641931238844,-0.18938149366338597,-0.10962405103877848,-0.18951242508192334,0.031000504490514058,-0.07826336668796685,-0.30203712837387253,0.0008077601372681801,0.7631380447065775,0.9764587990474115,False,-1.1781957043920055,-0.9693607173340586
Tragelaphus angasii,Nyala,Artiodactyla,1,5,120000.0,18.5,1.238356164,0.61369863,8.7890411055,0.102240192,0.06836626816666666,1.4954771518426866,Blood,11.695247021764184,2.917770732084279,2.173505616497274,-2.2804304104204034,0.4024453210324651,0.25940152742502,-0.6817204569990025,0.5057461289715822,0.08480558439629693,-0.6897104884095764,-0.672406206396339,-0.00022659532600077803,-0.31545435082272655,-1.9240095925285383,0.026468175580523966,0.056682602813177684,0.6492734504054899,False,-1.7142729699347048,-1.4802159486190265
Tragelaphus eurycerus,Bongo,Artiodactyla,1,5,307500.0,21.9,2.356164384,0.789041096,14.384668038299997,0.157300618,0.12747343387037038,1.2339874531030623,Blood,12.636230366228709,3.086486636822455,2.666162919802928,-1.8495965401271484,0.21025075776786026,0.6531901842202332,-0.6360264596006684,0.5293918100274861,0.6565972967131977,0.22969119060079723,0.23864736792000185,-0.1787969883248052,0.08193401524190502,0.631795549399159,0.002725685744742956,0.5287025897221374,0.9764587990474115,False,-2.2012384279059587,-1.9670156068720868
Tragelaphus imberbis,Lesser kudu,Artiodactyla,1,7,82500.0,19.8,1.380821918,0.643835616,11.455167695400002,0.16312758,0.08848257253703704,1.8436125366011262,Blood,11.320553572322773,2.9856819377004897,2.4384409552919735,-1.8132226849382982,0.6117269819067968,0.5394338827934382,-0.5648227277751308,0.5684609101562953,0.49588481370006354,0.025548815819427473,0.03306852340032318,0.20363000953357768,-0.03685537627988722,0.06999971537582947,2.5800205506887522e-05,0.9443084966044992,0.9764587990474115,False,-1.946620635467627,-1.7432832716375357
Tragelaphus strepsiceros,Greater kudu,Artiodactyla,1,9,217500.0,23.5,1.416438356,0.624657534,13.7399999985,0.15814779599999998,0.11801512557407405,1.340063786152022,Blood,12.289954129510877,3.1570004211501135,2.620311286685033,-1.8442252654641673,0.292717214435886,0.6272768406409371,-0.5202413499535039,0.5943770777775432,0.6100969294826757,0.1852780827640217,0.19345582771769898,-0.10134414474121617,0.05469600020436771,0.5089436362727724,0.0016329768128503202,0.6117109499261765,0.9764587990474115,False,-2.1477879592954756,-1.9229435724935684
Trichechus manatus,West Indian manatee,Sirenia,1,9,467324.83,69.0,3.001369863,0.917808219,32.951950776,0.06407279299999999,0.062463617407407405,1.0257618059821454,Blood,13.054779862307932,4.23410650459726,3.4950504633234867,-2.7477354513361356,0.02543556188361909,0.6094866016027296,0.45687325013234137,1.5791287172082138,-0.17884355071551594,0.13414096618424232,,-0.3575521517623581,0.0398315837070532,0.36874892374540863,0.0009743971873822895,0.712954013570172,0.9764587990474115,False,-3.005695412450771,-2.764975962825979
Tupaia longipes,Long-footed treeshrew,Scandentia,1,10,164.1,12.0,0.310787671,0.128757991,2.199999996,1.084318804,0.5403634411851852,2.00664723287303,Skin,5.100475998096045,2.4849066497880004,0.7884573585460882,0.08095195940963179,0.6964652859909546,0.6886349274623869,-0.2523999803721315,0.7769339175945644,1.4583015079839485,0.23227286421437832,0.20132855936753385,0.1983099757775736,0.08855091045613972,0.6430068771501944,0.004630119599251088,0.5214263361521212,0.9764587990474115,False,-0.27098436104441154,-0.026974136211236878
Tupaia tana,Large treeshrew,Scandentia,1,27,197.8,11.6,0.310787671,0.128757991,1.9999999987999997,0.859448908,0.29534506962962964,2.909982242391149,Skin,5.287256419188612,2.451005098112319,0.6931471799599451,-0.15146389978880045,1.0681469788936995,0.496203058090808,-0.3107207566724761,0.7329185099001673,1.2538650654716408,-0.08851250200857777,-0.11562426576793262,0.5726959973746071,-0.1031664348836292,-0.24507701078933178,0.0007427102445128318,0.8068085610055147,0.9764587990474115,False,-0.19121296937997248,0.06767752104665349
Tursiops aduncus,Indo-Pacific bottlenose dolphin,Artiodactyla,1,44,130000.0,49.0,6.75,1.0,33.999999999,0.021673249000000006,0.02153162324074074,1.006577570008344,Skin,11.77528972943772,3.8918202981106265,3.5263605245867495,-3.831676543892485,0.006556032187499179,0.21272195444792794,0.2818645172526124,1.325599112010546,-1.4544502759112672,-0.9410803706402255,-0.9617548276142882,-0.3949569736713334,-0.3618277223367887,-2.6545710136499103,0.039872375231780346,0.008999829030925196,0.28349461447414365,False,-2.998914141111077,-2.78932722536394
Tursiops truncatus,Bottlenose dolphin,Artiodactyla,2,258,200000.0,67.0,8.931506849,1.030136986,57.20516995419767,0.04095599737235875,0.016681594013361792,2.6406325959403305,Blood|Skin,12.206072645530174,4.204692619390966,4.046644278116026,-3.195257023427232,0.9710185081283835,0.6763354689398415,0.5384173124766534,1.7132931076133258,-0.7535001443674507,0.201917571920617,0.1690421160238933,0.5757426581458661,0.10343374189332932,0.5572964888005433,0.0029262816027264237,0.5783459149259529,0.9764587990474115,False,-3.522963553255656,-3.272290089625294
Varecia rubra,Red ruffed lemur,Primates,2,7,3601.3,37.5,1.724657534,0.268493151,34.47,0.02486234954551398,0.0285396231018841,0.8934123896559675,Blood|Blood&Skin,8.189050170370388,3.624340932976365,3.540089380528774,-3.694400686282841,-0.1127070021773284,0.24739608823506956,0.48324151746147814,1.6213214351667482,-1.8543875286076588,-0.8504212058737259,-0.7365092073346284,-0.5661439221565392,-0.3408726621752013,-2.3902581062253154,0.038679758182782686,0.018366595334718724,0.4459711983733447,False,-2.9410228172211346,-2.749853451932969
Varecia variegata,Black and white ruffed lemur,Primates,2,7,3482.3,39.4,1.717808219,0.268493151,38.5300000108,0.06150587526371528,0.041403578171644334,1.5099442605002034,Blood|Blood&Skin,8.155448273997616,3.673765816303888,3.6514371589183674,-2.788622575989289,0.4120727365694859,0.6841085042711642,0.5370594321920876,1.710968239484337,-0.9536429301487963,0.1616741361338332,0.27221862895494775,-0.04185069356968629,0.09571121061030918,0.4451714870612064,0.0016094816293930868,0.6569847009225878,0.9764587990474115,False,-3.0543219305686122,-2.849940034007831
Vicugna pacos,Alpaca,Artiodactyla,1,5,62000.0,25.8,1.276712329,0.945205479,13.3333333428,0.147652498,0.07322297579629632,2.0164777024463465,Blood,11.03488966402723,3.250374491927572,2.5902671661558268,-1.9128937525472398,0.701352277718128,0.568314730182308,-0.2627831587858802,0.7689086103119895,0.3534217367593364,0.06684561943387468,0.0683315822254047,0.28911927706310425,-0.009067329337145158,0.18292574009439175,0.0001459810242907381,0.855159928786009,0.9764587990474115,False,-2.078466412323295,-1.8915726038315706
Zalophus californianus,California sea lion,Carnivora,2,86,180000.0,35.7,4.001369863,0.709589041,30.437620312465114,0.0937615338514105,0.041353180049642474,2.2761523056123014,Blood|Skin,12.100712129872347,3.5751506887855933,3.415679353605924,-2.367000593950531,0.8224864321325058,0.8238436063227579,-0.07735003681356245,0.9255658147884954,0.05897344367109758,0.42278379747221617,0.20557604954128728,0.4256851039222822,0.25053882514454895,1.165748641142315,0.007847349184524559,0.24599010568201368,0.9764587990474115,False,-2.901130931603903,-2.6853798766113206
